tract ID,within 3km,land area,population,population density,percent people of color,mean household income,percent below poverty,mean owner-occupied housing value,percent with a degree
35001000107,0,3142747.0,2771,0.0008817127182048062,0.1645615301335258,59849.03442485307,0.03203494721514379,208107.65815760265,0.6005733397037745
35001000108,0,1289483.0,2696,0.002090760405526866,0.2878338278931751,40045.913043478264,0.044595616024187455,139898.64864864864,0.40053333333333335
35001000109,0,1278738.0,2570,0.0020097940313027374,0.31361867704280155,42874.17695473251,0.05291828793774319,142074.60732984293,0.4314068884997081
35001000110,0,1292566.0,3504,0.0027108867168098186,0.2990867579908676,33029.67898243489,0.0898972602739726,112461.12440191387,0.35396440129449835
35001000111,0,1336897.0,2322,0.001736857813279557,0.2670111972437554,43359.86696230598,0.03034243606415258,137972.29219143576,0.38571428571428573
35001000112,0,2205218.0,2204,0.0009994476736540333,0.22323049001814882,59494.086021505376,0.06215970961887477,168355.97826086957,0.6130520764667106
35001000113,0,1317112.0,3150,0.0023915961588687976,0.35523809523809524,42951.40257771039,0.11570247933884298,119098.30729166667,0.3728406909788868
35001000114,0,1295741.0,3322,0.002563783966085815,0.4184226369656833,33886.91588785047,0.106184012066365,105789.0365448505,0.2831215970961887
35001000115,0,1304450.0,3057,0.002343516424546744,0.37226038599934574,32151.145602365115,0.11586570111915734,102772.60638297872,0.3209817131857555
35001000116,0,1403330.0,3221,0.002295254858087549,0.34150884818379384,46767.48807631161,0.06840796019900497,113813.30685203575,0.40747577295800647
35001000117,0,1282637.0,2164,0.0016871492090123705,0.2620147874306839,42541.896361631756,0.02269569245020843,136061.4702154626,0.4568279240661359
35001000118,0,1361980.0,2702,0.001983876415219019,0.33678756476683935,45287.04710144927,0.12612275449101795,151777.40863787374,0.47888953152111047
35001000119,0,1215984.0,1742,0.0014325846392715693,0.23249138920780713,35069.36936936937,0.03616532721010333,176999.22360248448,0.5489330389992642
35001000120,0,1279280.0,2766,0.0021621537114626978,0.3893709327548807,42980.729166666664,0.10680666183924692,125597.12230215827,0.40302853814793244
35001000121,0,2592027.0,5774,0.0022276002526208255,0.34897817803948733,27547.12556732224,0.09987840889352093,102485.68360773085,0.3459946432919406
35001000122,0,2634943.0,4053,0.001538173691043791,0.30397236614853196,34476.779463243874,0.05737704918032787,122418.35147744945,0.43849399545602075
35001000123,0,2519330.0,5035,0.001998547232796021,0.3968222442899702,37735.20079325731,0.07490486681353896,110374.06483790524,0.3340832395950506
35001000124,0,1699212.0,3653,0.00214982003422763,0.46537092800437996,22822.232734153265,0.19536053661263275,66992.24806201551,0.3017596405840509
35001000125,0,2448812.0,4324,0.0017657541697770184,0.2724329324699352,66893.51681957187,0.046022201665124884,203430.3435114504,0.6054831160147108
35001000126,0,1315885.0,2923,0.002221318732260038,0.34724598015737257,38944.952681388015,0.09838875557079191,142069.46454413893,0.4431137724550898
35001000127,0,1262583.0,2907,0.0023024228902179104,0.38699690402476783,33722.79029462738,0.07431960921144452,102682.15417106652,0.2828438948995363
35001000128,0,1309172.0,3302,0.002522204874531383,0.4766807995154452,29267.565424266457,0.13355542095699577,97203.66379310345,0.20787850023730423
35001000129,0,1315442.0,4502,0.003422423793675434,0.40870724122612173,28436.810384793695,0.15104398045313194,103755.55555555556,0.35969044414535667
35001000203,0,1179725.0,1976,0.0016749666235775288,0.340080971659919,24581.650485436894,0.14271255060728744,129235.1598173516,0.3302358827734096
35001000204,1,1357355.0,3294,0.0024267785509317756,0.5655737704918032,28300.0761614623,0.1301160659743433,103936.51832460733,0.21834496510468593
35001000205,1,1216546.0,3304,0.002715885794700735,0.5741525423728814,28635.00334001336,0.08936685852771888,90313.70038412292,0.26281453867660765
35001000206,0,1401794.0,3212,0.00229134951355192,0.40130759651307596,33774.60567823344,0.04648985959438377,108202.11786372008,0.3591011235955056
35001000207,0,2506498.0,3396,0.0013548784000625574,0.4652532391048292,33048.10213940649,0.10198049068873781,112188.40579710146,0.31887024150634463
35001000208,1,2156952.0,2823,0.0013087912943820724,0.6096351399220687,31383.82978723404,0.0619878874242964,88224.11894273128,0.17176350662589196
35001000300,1,3819409.0,6109,0.0015994621157357067,0.29104599770829925,45062.72251308901,0.11316975463194792,153475.14619883042,0.6916932907348243
35001000401,1,2439815.0,4218,0.0017288196031256468,0.3354670459933618,38169.45320715037,0.10914313068453806,166020.2863961814,0.4882722167162207
35001000402,0,1973346.0,3568,0.0018080965020832636,0.3096973094170404,44739.09145248057,0.0734304932735426,130313.59649122808,0.5576479631053036
35001000500,0,3924569.0,7630,0.0019441625309683688,0.37968545216251637,28325.449409347715,0.15771630051532412,116127.55102040817,0.47924986976905715
35001000601,0,2431827.0,3765,0.001548218684964021,0.3598937583001328,31210.24613623354,0.1285215991414006,130186.09206660137,0.4271320618927672
35001000603,0,1484861.0,5109,0.0034407261016351025,0.8023096496378939,21502.052785923755,0.4206678522031219,91320.54176072235,0.09901738473167045
35001000604,0,2496392.0,3976,0.0015926985825944003,0.7263581488933601,21915.17119244392,0.2662090007627765,89015.8172231986,0.16161178509532062
35001000704,0,2517152.0,3724,0.0014794497908747664,0.5008055853920516,35767.457627118645,0.10955585464333782,100820.64700285443,0.27202910266774455
35001000707,1,3403938.0,5769,0.0016948017267059505,0.6188247529901196,22405.774165953808,0.17003132613992342,46848.03921568627,0.174020279528638
35001000708,1,3011829.0,4571,0.001517682444786872,0.5047035659593087,22272.598201609086,0.1829187761391151,75130.84112149532,0.21403396347324574
35001000710,0,15037180.0,3611,0.0002401381110021959,0.18582110218775963,64535.473815461344,0.0369547096415671,215886.60834454914,0.5908935296131462
35001000711,0,4093489.0,4792,0.0011706395204677477,0.3080133555926544,60508.04359107421,0.05234391423165861,161391.30434782608,0.573126142595978
35001000712,0,1414703.0,4430,0.0031313993113748963,0.5318284424379233,35179.23399162178,0.17270258035310096,102578.89009793254,0.2983580296355627
35001000713,1,2538221.0,5454,0.0021487490647977463,0.519068573524019,26119.037743674824,0.23791958686831427,55050.738007380074,0.21862595419847328
35001000714,1,3278045.0,2775,0.0008465411548651712,0.430990990990991,45365.96675415573,0.08,95298.61796643633,0.3616161616161616
35001000801,0,123817453.0,4757,3.8419462561550186e-05,0.36871978137481604,32601.368925393566,0.021891010712622262,0.0,0.34638390429581295
35001000901,0,1568929.0,7633,0.004865102244907195,0.7944451722782654,20505.549389567146,0.3956089478044739,60787.54578754579,0.1548532731376975
35001000903,0,2110407.0,5372,0.0025454805637016935,0.6317944899478779,19923.608649415102,0.24246959775491114,74026.31578947368,0.252046783625731
35001000904,0,1682644.0,3933,0.002337392817494372,0.5512331553521485,28399.589923843,0.2197378565921357,110691.8918918919,0.29042904290429045
35001001101,0,2720949.0,5046,0.0018545000292177472,0.3024177566389219,40809.94567488508,0.11095672886065899,145381.7891373802,0.5807661398339138
35001001102,0,1365452.0,3059,0.0022402838034584886,0.5272965021248774,37332.908545727136,0.2260498687664042,158906.57084188913,0.45831202046035807
35001001200,0,11866488.0,6388,0.0005383227118250993,0.7243268628678773,23873.959526536844,0.30583437892095355,75374.8890860692,0.3372063000258198
35001001300,0,2868524.0,4837,0.0016862330592318558,0.9619598924953483,29323.17505315379,0.3266362883181442,67720.12578616352,0.07526475037821483
35001001400,0,1546006.0,3270,0.0021151276256366407,0.901223241590214,19637.522123893807,0.2996941896024465,72088.44133099825,0.09593023255813954
35001001500,0,1172276.0,2932,0.0025011174842784465,0.7465893587994543,22805.794392523363,0.40306681270536693,84226.32794457275,0.23825693265421619
35001001600,0,994047.0,2578,0.002593438740824126,0.42552366175329714,21477.189409368635,0.36302237230899115,73737.11340206186,0.458025520483546
35001001700,0,2046201.0,4883,0.0023863735771803454,0.32377636698750767,26478.67867867868,0.2834871794871795,115200.34843205575,0.5407845579078456
35001001800,1,2013277.0,2354,0.0011692380134477273,0.36406117247238745,14203.733333333334,0.26464646464646463,161111.11111111112,0.6065259117082533
35001001900,0,702484.0,1051,0.0014961194845718906,0.21027592768791628,41802.575107296136,0.13238770685579196,209671.61016949153,0.5766871165644172
35001002000,1,1964738.0,2276,0.001158424176658669,0.7697715289982425,18739.37728937729,0.30886426592797783,77568.96551724138,0.2990353697749196
35001002100,0,1276190.0,1721,0.00134854527930794,0.6687972109238814,25955.882352941175,0.3301549463647199,122437.5,0.1859799713876967
35001002200,0,2584494.0,3384,0.0013093472068420357,0.524822695035461,34569.88826815642,0.20041444641799883,132525.77319587627,0.4450963956412406
35001002300,0,5287631.0,7736,0.0014630370387041002,0.8786194415718718,25829.610696028314,0.23048086866597725,80966.64782362917,0.10113586719091307
35001002401,0,3206522.0,5268,0.0016429015612554661,0.8604783599088838,36432.07547169811,0.11867630277672118,110622.34794908062,0.15735115431348723
35001002402,0,2817059.0,7606,0.0026999789496776603,0.8800946621088614,28299.250197316494,0.21189345991561181,86492.24806201551,0.11932584269662921
35001002500,0,3412811.0,1884,0.000552037601847861,0.7961783439490446,28700.6518904824,0.27016985138004246,106346.15384615384,0.25602660016625106
35001002600,0,773510.0,1400,0.0018099313518894391,0.635,22599.29676511955,0.2958963282937365,77745.90163934426,0.319047619047619
35001002700,0,2984904.0,4109,0.0013765936860950971,0.6546605013385252,28274.613333333335,0.24496314496314497,103360.78639744953,0.31878747501665555
35001002900,1,3984124.0,3950,0.0009914350055369762,0.7460759493670887,28485.53500660502,0.273855702094647,86970.85889570552,0.190015479876161
35001003001,0,2987983.0,4577,0.0015318025571095953,0.6818876993663971,37628.311540648094,0.20923076923076922,147752.45755138516,0.31970006816632585
35001003002,0,3749890.0,3912,0.0010432306014309754,0.6096625766871165,49804.906391220145,0.15455712451861361,149408.97858319603,0.36952587766920014
35001003100,0,4384239.0,2691,0.0006137895310908005,0.47863247863247865,54001.78571428572,0.04357541899441341,206821.31495227996,0.5005192107995846
35001003201,1,1732857.0,2918,0.0016839242938107414,0.706648389307745,31108.976660682227,0.1498913830557567,106100.50890585242,0.20065789473684212
35001003202,1,3076223.0,5621,0.0018272407429500398,0.763387297633873,29009.717153284673,0.1972997299729973,93863.79928315412,0.21336620104081075
35001003400,1,8192058.0,4196,0.000512203404809878,0.6706387035271687,26015.52386176632,0.19943167140273832,37450.61728395062,0.19908466819221968
35001003501,1,6545931.0,5300,0.0008096632854822332,0.6522641509433962,31678.90131259115,0.13202194060904104,105543.63124560169,0.24428152492668623
35001003502,0,11163744.0,5172,0.0004632854354238148,0.40506573859242073,73653.6443148688,0.07753286929621037,273239.49824970827,0.5217159605648815
35001003600,0,10384011.0,6251,0.0006019831835694318,0.5978243481043033,49583.72692142551,0.10360866078588613,125595.60723514212,0.26627906976744187
35001003707,0,3176188.0,4895,0.0015411556242892423,0.3564862104187947,42707.4369189907,0.11858515640973216,162714.2857142857,0.5147744945567652
35001003712,0,2645775.0,5435,0.002054218518203551,0.265869365225391,55382.25407810183,0.029256323140807852,138428.61288450376,0.5774958632101489
35001003714,0,2062192.0,6323,0.0030661548488210605,0.4379250355843745,28053.13881520778,0.13015973430333702,127304.87804878049,0.3779740004905568
35001003715,0,3963101.0,4459,0.0011251290340569165,0.19488674590715407,58765.82343830666,0.022426553038797935,212835.3856124433,0.5755903097209445
35001003717,0,2277035.0,5391,0.002367552540913952,0.2871452420701169,55199.875466998754,0.07196122296793438,181803.4727703236,0.5486798679867987
35001003718,0,1209883.0,2452,0.002026642245572506,0.27528548123980423,40437.98303487276,0.09191176470588236,128582.0895522388,0.43995633187772926
35001003719,0,2581400.0,4887,0.0018931587510653135,0.28626969510947414,35085.81020590868,0.09226880134821992,132778.03099361897,0.4083044982698962
35001003720,0,19739022.0,2582,0.00013080688597439123,0.06158017041053447,86101.875,0.015879163439194422,313799.9049429658,0.818579766536965
35001003721,0,40595285.0,4599,0.000113289018663128,0.19547727766905848,85911.15577889448,0.03718199608610567,302294.3864229765,0.7865555874748635
35001003722,0,5569888.0,2698,0.0004843903503984281,0.4043736100815419,53651.64835164835,0.08032725920416511,135618.4668989547,0.4040114613180516
35001003723,0,3717274.0,6376,0.001715235411756034,0.3989962358845671,29695.53411932833,0.06916562107904642,47269.722814498935,0.2675033025099075
35001003724,0,1771491.0,3584,0.0020231545065710183,0.3099888392857143,48558.29145728643,0.034877232142857144,140989.03330625506,0.4583011583011583
35001003725,0,2240068.0,4708,0.0021017219120133854,0.4388275276125743,36723.145843703336,0.10588235294117647,121505.22508038585,0.37335834896810505
35001003726,0,2021918.0,2328,0.001151382004611463,0.24613402061855671,99242.85714285714,0.03842832469775475,327840.75104311545,0.6861404599129894
35001003727,0,2975968.0,7800,0.0026209959246873624,0.23705128205128206,55542.892837312604,0.042421905129193985,190203.3053515215,0.5774364600475407
35001003728,0,1619197.0,4686,0.0028940271010877614,0.2646180110968843,43147.02380952381,0.09662505779010633,140258.28460038986,0.4736238532110092
35001003729,0,4198767.0,1333,0.000317474153721795,0.17704426106526633,69227.80082987552,0.01800450112528132,281106.0606060606,0.5811870100783875
35001003730,0,2578283.0,4218,0.001635972466947965,0.22783309625414888,82730.13888888889,0.034515591525827186,216691.400304414,0.6972577696526508
35001003731,0,7188156.0,2413,0.000335691100749622,0.13302942395358475,89658.18399044205,0.042271031910484876,293859.5933926302,0.6166875784190715
35001003732,0,6550128.0,4886,0.0007459396213325908,0.2857142857142857,88730.95975232199,0.00594018844735764,252059.6590909091,0.6861507804716042
35001003733,0,2243913.0,2979,0.0013275915777483352,0.6502181940248406,23320.812603648425,0.3187478963312016,5635.838150289017,0.3258584442887176
35001003734,0,20100264.0,4786,0.00023810632536965684,0.5376096949435855,28490.28484231943,0.16333548248441865,52699.46808510638,0.20610932475884244
35001003803,0,95440141.0,2765,2.8971038506743195e-05,0.20397830018083182,69357.38636363637,0.02188183807439825,156118.1640625,0.5077160493827161
35001003804,0,61291905.0,4881,7.963531236302739e-05,0.20508092603974595,61599.38684503902,0.04829428688861488,150719.26105390672,0.4555084745762712
35001003805,0,103845054.0,2460,2.368913978320046e-05,0.3024390243902439,49491.44736842105,0.0701468189233279,141160.9131403118,0.469041095890411
35001003806,0,98493781.0,3047,3.093596335793018e-05,0.2934033475549721,57334.485815602835,0.06583278472679395,166174.28003972195,0.4405560882070949
35001003807,0,358580995.0,4402,1.2276166504585665e-05,0.2987278509768287,52548.59365649312,0.10157498288062086,90395.34120734908,0.3888101983002833
35001004001,0,97995838.0,4314,4.402227776244946e-05,0.7695873898933704,32930.00750187547,0.1704864359214219,80330.45977011495,0.13069544364508393
35001004300,0,3713031.0,5102,0.0013740795592603456,0.8283026264210114,28983.735277621985,0.27762485253637437,90396.75383228133,0.15942989724892276
35001004401,0,2935039.0,3319,0.001130819726756612,0.9222657426935824,26811.574074074073,0.23892738776739983,84812.734082397,0.10478029937228392
35001004402,0,5038860.0,3926,0.0007791444890312491,0.7911360163015793,34220.23166023166,0.19077941925624045,90070.11605415861,0.18827415359207267
35001004501,0,2226074.0,3492,0.0015686810052136632,0.9017754868270332,24091.917293233084,0.32518688901667625,59183.976261127595,0.10265577119509704
35001004502,0,2961783.0,3562,0.001202653941899187,0.8498034811903425,24015.469146238378,0.27162581008734854,73388.40399002493,0.07095553453169347
35001004602,0,11469812.0,4160,0.00036269121063187436,0.678125,36903.31219168429,0.17857142857142858,110069.44444444444,0.19266741488963712
35001004603,0,5933204.0,3496,0.000589226326955891,0.7454233409610984,33405.25394045534,0.11801775995416786,104714.93440968718,0.1531738730450782
35001004604,0,8566911.0,5009,0.0005846914949857656,0.743461768816131,40685.76826196474,0.12323801852597664,104054.68191565404,0.16349422161794697
35001004705,0,13771112.0,9005,0.0006539050731705617,0.8559689061632426,33988.48184818482,0.17734209646875349,88363.29113924051,0.16175195143104942
35001004712,0,6870324.0,4626,0.0006733306900809918,0.7773454388240381,45582.8125,0.10830090791180286,83003.71747211897,0.2179944510503369
35001004713,0,3056509.0,4071,0.001331911667853751,0.861704740849914,36338.500851788755,0.11729769858945806,81000.0,0.11087236785560808
35001004714,0,17547937.0,3222,0.0001836113270750858,0.7936064556176288,27963.886063072227,0.2785646836638338,33096.41532756489,0.14794007490636704
35001004715,0,52564125.0,4321,8.220435515667768e-05,0.7822263364961815,31487.380952380954,0.23860217542235593,67557.27091633466,0.05910683012259194
35001004716,0,7560746.0,2295,0.000303541475933724,0.3738562091503268,52023.89226759339,0.09082931110136025,276456.5677966102,0.5632040050062578
35001004717,0,3278655.0,5708,0.0017409578012935183,0.4500700770847933,51285.99823321555,0.06419275413295815,173328.8770053476,0.46083788706739526
35001004718,0,10209071.0,3316,0.0003248091819520111,0.48401688781664653,55781.28807658834,0.04686548995739501,137368.154158215,0.3888888888888889
35001004719,0,12625300.0,5926,0.00046937498514886775,0.39925750928113396,56922.762814943526,0.053405441946932565,162961.31896005073,0.4706663127156889
35001004720,0,2755113.0,3643,0.001322268814382568,0.3741421905023332,42807.8248384781,0.0814081408140814,147977.52808988764,0.4314410480349345
35001004721,0,6213388.0,4569,0.0007353476074566725,0.38804990151017726,52172.40522063393,0.06020654801142606,131686.8686868687,0.40679117147707977
35001004722,0,5874651.0,3701,0.0006299948711846882,0.48149148878681436,46872.59311314125,0.06827186833282536,167744.9567723343,0.5173674588665448
35001004723,0,4527126.0,7141,0.0015773804395989863,0.446576109788545,68609.71867007672,0.028583438419503993,166422.25325884545,0.5128972823583602
35001004724,0,1979186.0,3275,0.001654720678096955,0.49312977099236643,59824.69135802469,0.03725369458128079,154010.1931330472,0.39097744360902253
35001004725,0,1832009.0,3300,0.0018013011944810315,0.5784848484848485,52103.30434782609,0.04878787878787879,127093.71884346959,0.43130347257171614
35001004726,0,1558589.0,2680,0.0017195039872602718,0.43843283582089554,59369.479166666664,0.012102874432677761,121965.90909090909,0.5166970248937462
35001004727,0,925014.0,2280,0.002464827559366669,0.4776315789473684,48783.28912466844,0.04254385964912281,129131.6199376947,0.3951388888888889
35001004728,0,2626115.0,3042,0.0011583651134851292,0.44049967126890205,55808.67697594502,0.09555189456342669,149549.35622317597,0.4179176755447942
35001004729,0,4669735.0,2366,0.0005066668665352531,0.6762468300929839,37299.78540772532,0.13330475782254608,154724.73604826545,0.364766081871345
35001004730,0,3652790.0,8181,0.002239657905327161,0.6577435521329911,42902.60545905707,0.10891453831041258,110847.17607973421,0.3139604553624925
35001004731,0,30759197.0,8448,0.000274649562535719,0.6223958333333334,51882.091917591126,0.03991921112035167,124128.90044576523,0.40516920788397176
35001004732,0,5992451.0,8765,0.001462673620526893,0.8713063320022818,38043.426140757925,0.1509564415764001,78065.0759219089,0.11230068337129841
35001004800,0,566786945.0,817,1.4414587477839667e-06,0.7221542227662179,16811.11111111111,0.09142857142857143,6372.549019607844,0.036585365853658534
35001940100,0,140241859.0,0,0.0,,,,,
35001940200,0,279689462.0,2166,7.744303215828704e-06,0.974145891043398,27486.823855755894,0.22006472491909385,80343.89489953632,0.0784313725490196
35001940300,0,182677340.0,45,2.463359713908687e-07,1.0,24000.0,0.3111111111111111,36250.0,0.0
35001940400,0,23753598.0,250,1.0524721349582493e-05,0.592,36284.90566037736,0.072,112840.90909090909,0.22564102564102564
35001945900,0,277941379.0,1531,5.508355774546258e-06,0.9888961463096015,20848.58611825193,0.39750328515111694,33855.26315789474,0.08142857142857143
35003941500,0,41646860.0,0,0.0,,,,,
35003976200,0,17890759308.0,3543,1.980351945384296e-07,0.23821620095963872,18574.543163201008,0.2448050099629946,42122.9379418696,0.249529544599172
35005000200,0,6440565.0,7607,0.0011811075581101968,0.48113579597738926,23357.676767676767,0.2498671625929862,58069.40509915014,0.19084647856031992
35005000300,0,11472403.0,5997,0.000522732682943582,0.4540603635150909,28008.54597002835,0.2304461942257218,45584.022915340545,0.2218438973284442
35005000400,0,16765503.0,4320,0.0002576719589027541,0.5909722222222222,24060.1261829653,0.2844506517690875,46740.654205607476,0.1735668789808917
35005000500,0,1644829.0,1907,0.0011593910370014148,0.6848453067645517,18451.436781609194,0.35970464135021096,43345.86466165414,0.10261194029850747
35005000600,0,20131153.0,4820,0.00023942990249987172,0.8024896265560166,19531.68187744459,0.3390716931793419,31637.16814159292,0.08176100628930817
35005000700,0,9833234.0,4398,0.0004472587553596304,0.5509322419281492,24455.944055944055,0.17933130699088146,54890.15459723352,0.15694092062341428
35005000800,0,7530522.0,5362,0.0007120356331207849,0.3968668407310705,26996.914700544465,0.12625023589356482,54723.20794889993,0.25334853234539756
35005000900,0,16170862.0,2469,0.00015268202771132424,0.3843661401377076,33841.20707596254,0.14175779667881733,81295.73170731707,0.35735207967193905
35005001000,0,20144522.0,8299,0.00041197304160406486,0.20580792866610434,38527.19976218787,0.07875953728771844,109393.82806759735,0.38589211618257263
35005001100,0,7935333018.0,9006,1.1349240138468503e-06,0.463690872751499,39579.862068965514,0.26736150447490653,45113.791533909876,0.20553674566819358
35005001200,0,5602027170.0,1779,3.1756361510113846e-07,0.4007869589657111,31843.338683788123,0.11098527746319366,42695.9619952494,0.2009009009009009
35005001300,0,508826951.0,2879,5.658112240992518e-06,0.6081972907259465,33142.80701754386,0.1741958800144561,34380.84112149533,0.147900182592818
35005001400,0,1552562175.0,2539,1.6353612376264416e-06,0.6203229617959827,26838.909090909092,0.25908372827804105,27909.165302782323,0.13487071977638015
35006940100,0,1142355781.0,3804,3.3299608259259116e-06,0.9929022082018928,27000.278551532032,0.26655982905982906,61537.372593431486,0.16408086506817113
35006940400,0,346144613.0,0,0.0,,,,,
35006941500,0,2271344121.0,2814,1.2389139866490534e-06,0.9946695095948828,29890.462427745664,0.2976961843052556,60891.71974522293,0.14616402116402116
35006945800,0,891420252.0,2340,2.625024498545945e-06,0.8935897435897436,21785.911602209944,0.3229255774165954,35443.54838709677,0.22535211267605634
35006945900,0,67289576.0,138,2.0508377107324913e-06,1.0,8324.137931034482,0.7608695652173914,11944.444444444445,0.0
35006946000,0,97531159.0,189,1.93784224383102e-06,0.798941798941799,20081.25,0.43386243386243384,11171.875,0.358695652173913
35006974201,0,27694105.0,4819,0.00017400815083209946,0.6978626271010583,30958.610271903322,0.2625947391885867,47325.84784601283,0.19319022945965952
35006974202,0,2156909.0,2949,0.0013672343154022724,0.6035944387928112,27821.768707482992,0.14738675958188152,55494.92385786802,0.21207430340557276
35006974400,0,31890460.0,3288,0.00010310293423174203,0.6712287104622872,25091.55518394649,0.2449725776965265,39509.2693565976,0.12255148166750376
35006974500,0,6879369717.0,5254,7.637327569437856e-07,0.5654739246288542,25936.24856156502,0.19219873610808455,32632.352941176472,0.17747344885410843
35007950500,0,2173914147.0,4527,2.082418942922496e-06,0.615418599514027,25849.86566362171,0.1648888888888889,55679.840464104425,0.17647058823529413
35007950600,0,1523163977.0,3889,2.5532379039449935e-06,0.4517870917973772,24198.399014778326,0.14800105904156738,58965.594280607686,0.2206896551724138
35007950700,0,6036251295.0,5773,9.563882810481964e-07,0.43824701195219123,31329.645635263612,0.13462240058372857,75482.70893371759,0.31562819203268644
35009000100,0,5814226.0,4471,0.0007689759565589642,0.8072019682397674,20489.2091152815,0.38912529550827424,34815.57377049181,0.09268081420528368
35009000201,0,5323144.0,3925,0.0007373461999149375,0.3505732484076433,28900.545702592088,0.12687768240343347,60576.735092864124,0.2529411764705882
35009000202,0,2386026.0,3836,0.001607694132419345,0.6251303441084463,20176.923076923078,0.32636529918996604,47284.313725490196,0.15976331360946747
35009000301,0,6709302.0,5583,0.0008321282899473,0.33619917607021316,25723.67747440273,0.18167086784299605,54944.335297969876,0.21745433458973615
35009000302,0,12476257.0,8424,0.0006752025066492298,0.21320037986704654,44104.45617121079,0.05828735907891581,102360.46057767369,0.3671016483516483
35009000400,0,7220307.0,3716,0.0005146595567196797,0.55005382131324,20543.90728476821,0.3209441128594683,43530.53435114504,0.12265037593984962
35009000500,0,17090272.0,2139,0.0001251589208176441,0.6760168302945302,21471.56462585034,0.3342696629213483,33922.01834862385,0.0954861111111111
35009000600,0,3566338728.0,8395,2.3539547531167655e-06,0.2912447885646218,33454.06048250085,0.14692903995229575,41656.05846298915,0.21475473155658556
35009000900,0,15048989.0,4555,0.0003026781400398392,0.35192096597145994,28224.76383265857,0.08429793658782084,0.0,0.33972772277227725
35011960100,0,6015436671.0,2240,3.7237529418252933e-07,0.3549107142857143,22423.376623376622,0.17715078630897318,27761.506276150627,0.19823232323232323
35013000101,0,7543201.0,7902,0.0010475658808508483,0.5613768666160466,35436.45722399716,0.1808052671562421,73313.95348837209,0.35049588520784974
35013000102,0,3117656.0,3839,0.001231373827003364,0.5561344100026049,31131.876790830946,0.17166710148708583,93878.90255439925,0.33707398171238573
35013000200,0,21724481.0,8755,0.00040300157228151964,0.6359794403198172,29325.10924369748,0.20422983819594853,53677.88461538462,0.2536300207429757
35013000300,0,2321207.0,3441,0.0014824184142129505,0.4978204010462075,29547.698744769874,0.15537383177570094,79111.11111111111,0.367790594498669
35013000401,0,1523970.0,3007,0.0019731359541198317,0.8935816428333888,21824.521072796935,0.3664886515353805,58896.039603960395,0.10456383593298671
35013000402,0,3617760.0,5647,0.0015609106187253992,0.7088719674163273,22596.098003629762,0.20651013874066168,47555.661577608145,0.24626436781609196
35013000500,0,2451526.0,2902,0.0011837524872263235,0.7008959338387319,23432.198952879582,0.3441941074523397,67967.80684104627,0.30899532710280375
35013000600,0,2516927.0,2776,0.0011029322662119323,0.8090778097982709,19933.07626392459,0.27348567283278924,67132.07547169812,0.16705202312138728
35013000700,0,2434363.0,6064,0.0024910007258572365,0.6965699208443272,20834.070608251808,0.3090036411784177,59268.40633737185,0.21544095209032652
35013000800,0,1594424.0,3512,0.0022026763269995934,0.5113895216400911,23210.453648915187,0.3211845102505695,83480.48327137546,0.4380896226415094
35013000900,0,3742158.0,6514,0.0017407068327954084,0.6607307338041142,16869.510385756676,0.4821869488536155,69570.08670520231,0.362087326943557
35013001000,0,4456247.0,2816,0.0006319218840427831,0.5564630681818182,14162.09476309227,0.5307125307125307,,0.5244122965641953
35013001101,0,47609056.0,9193,0.00019309351565382856,0.6250407919068857,36025.483675937125,0.20015354244351832,78203.7773359841,0.3619361936193619
35013001102,0,12905577.0,2997,0.000232225184507442,0.5562228895562229,37232.18954248366,0.1091091091091091,128558.32241153342,0.45671332296526695
35013001201,0,169441124.0,6405,3.780074074579439e-05,0.4663544106167057,39143.018867924526,0.10668789808917198,95948.68735083532,0.3887418811643012
35013001202,0,206423644.0,11066,5.360820003739494e-05,0.35152720043376107,38160.55498458376,0.1597758177140757,151805.94900849857,0.5538630437765885
35013001301,0,898336749.0,9806,1.0915728440271122e-05,0.5676116663267388,33811.27191761759,0.1610786424689839,61538.842975206615,0.30643065930496916
35013001302,0,286863553.0,8641,3.012233485095264e-05,0.7214442772827219,27614.963362900115,0.2866323907455013,23275.369223439735,0.17694598043385792
35013001303,0,39852780.0,7138,0.00017910921145275184,0.549873914261698,50297.91240278346,0.10301471638805544,99167.468719923,0.36221837088388215
35013001400,0,1093973341.0,5587,5.107071434567984e-06,0.8238768569894398,28640.867992766725,0.3730514244759004,30961.378737541527,0.10900473933649289
35013001500,0,1585851489.0,5351,3.3742125521313554e-06,0.4533732012707905,42900.90395480226,0.12172573189522343,123560.10568031704,0.33610292146877513
35013001600,0,239882378.0,2876,1.1989209144825136e-05,0.8689151599443672,30695.543478260868,0.3113540197461213,44734.99361430396,0.22063037249283668
35013001701,0,1954856926.0,3248,1.6615026689682148e-06,0.5815886699507389,50829.52622673435,0.06904092471102781,134819.6448390677,0.38348362600854297
35013001702,0,349190338.0,1835,5.255013671082732e-06,0.8457765667574932,24829.268292682926,0.34895259095920617,45290.0,0.15543071161048688
35013001703,0,89859819.0,2565,2.8544459899257088e-05,0.7196881091617934,33783.94332939787,0.20579029733959311,88593.51432880845,0.1827889447236181
35013001704,0,7676251.0,9274,0.0012081418390305371,0.9886780245848609,19707.539178314273,0.4188052620228596,35933.96226415094,0.03386198028289756
35013001705,0,12086500.0,3491,0.000288834650229595,0.9796619879690633,22739.82300884956,0.3201956271576525,32597.014925373136,0.04105736782902137
35013001801,0,55464643.0,6267,0.00011299090124856658,0.8839955321525451,27866.125290023203,0.32072762087123025,33846.43644379133,0.13255667506297228
35013001802,0,221703598.0,5807,2.6192628592342467e-05,0.924918202169795,25527.921667719518,0.3587350959046138,31912.350597609562,0.1324435318275154
35013001803,0,10559276.0,8388,0.0007943726444881258,0.9790176442536958,21522.65874828689,0.38402678144428504,37740.51047120419,0.08576950954336797
35013001804,0,100338586.0,6117,6.0963585833270565e-05,0.6745136504822625,27307.11938663746,0.3128984796468857,24657.87716955941,0.15224063842848373
35013001900,0,2421489010.0,1455,6.008699581089571e-07,0.3738831615120275,46836.93877551021,0.02560553633217993,169230.76923076922,0.5119047619047619
35015000100,0,2255986.0,1487,0.0006591352960523691,0.34835238735709484,23176.07973421927,0.19925925925925925,59203.74707259953,0.2030612244897959
35015000200,0,31938175.0,4473,0.00014005183452091424,0.15627095908786048,44175.250278086765,0.0640817274204783,123695.07323568575,0.38086587950348166
35015000300,0,3923461.0,5375,0.0013699639170620022,0.29767441860465116,27018.35834068844,0.15405096995055154,79754.17737789203,0.25920910075839654
35015000401,0,86482144.0,3591,4.152302237095324e-05,0.2935115566694514,36982.066869300914,0.1366168279097039,61576.64609053498,0.21671018276762402
35015000402,0,3494581.0,4345,0.0012433536381042535,0.4377445339470656,23076.616314199397,0.1702029520295203,49722.9381443299,0.1330049261083744
35015000500,0,3949619.0,3323,0.0008413469754930792,0.6972615106831177,20406.41627543036,0.26212714673094306,44478.65853658537,0.09743346007604563
35015000600,0,35304254.0,5506,0.00015595854255977197,0.5586632764257174,31571.421396283276,0.15710134398837633,39356.30689206762,0.1168634574629125
35015000700,0,4456645011.0,5015,1.1252859466306727e-06,0.37268195413758726,34480.1495972382,0.1708873379860419,33394.10939691445,0.16628327308577062
35015000800,0,1850058717.0,2078,1.123207593848493e-06,0.6953801732435033,26511.611030478954,0.2050168837433671,29525.48330404218,0.09045226130653267
35015000900,0,4281568575.0,4415,1.0311641452572088e-06,0.3778029445073613,34028.21846553966,0.17192107053753686,32210.20408163265,0.16783994071878475
35015001000,0,36903586.0,5974,0.00016188128709226254,0.6293940408436558,25600.969529085873,0.26642771804062126,50403.337969401946,0.10720461095100864
35015001100,1,22831717.0,6076,0.0002661210280418245,0.3446346280447663,31791.234723978087,0.1441055234954658,67698.41269841269,0.2056147647517546
35017984100,0,2957965102.0,2771,9.367926613219387e-07,0.3067484662576687,26104.62962962963,0.12161674485745218,62272.72727272727,0.29267139479905435
35017984200,0,3335046854.0,2448,7.34022671094983e-07,0.18586601307189543,25203.248031496063,0.09722222222222222,55116.76646706587,0.2589033352176371
35017984300,0,23581480.0,6574,0.00027877809196030106,0.4993915424399148,23722.180591982014,0.18066761588356273,76822.60920897285,0.32725480532281914
35017984400,0,13454961.0,4750,0.0003530296371724898,0.6945263157894737,19577.260422306445,0.326935380678183,42695.44673539519,0.20021223912274497
35017984500,0,60023064.0,3194,5.321287830291369e-05,0.7207263619286162,21302.561912894962,0.21949685534591196,42381.93624557261,0.15052083333333333
35017984600,0,1058063952.0,3731,3.526251880094295e-06,0.7780755829536318,18502.13706705969,0.250779257580051,42421.12810707457,0.10615883306320907
35017984700,0,160959451.0,5707,3.545613484976412e-05,0.33415104257928857,36334.01920438957,0.100552683187734,87969.16183447548,0.3871374527112232
35017984800,0,2651446545.0,1827,6.890578289972654e-07,0.5128626163108921,21232.147937411097,0.15346534653465346,60116.379310344826,0.19136807817589577
35019961600,0,7848912419.0,4680,5.962609531316774e-07,0.8365384615384616,21597.41119807345,0.21646268298536117,38582.78955954323,0.12391093901258471
35021000100,0,5504869120.0,810,1.471424628529588e-07,0.49135802469135803,22442.349726775956,0.16296296296296298,24668.458781362006,0.2134646962233169
35023988100,0,8888751324.0,2662,2.9947963476180156e-07,0.3456048084147258,29978.0412371134,0.2129977460555973,37110.294117647056,0.17920489296636086
35023988200,0,12678763.0,3270,0.00025791159594985727,0.7587155963302752,20876.73434856176,0.3224181360201511,35980.07712082262,0.08006119326874044
35025000100,0,2479506.0,2489,0.0010038289885162608,0.7372438730413821,19730.35107587769,0.33360323886639676,42091.19496855346,0.0944822373393802
35025000200,0,15710061.0,2982,0.0001898146671741122,0.6492287055667337,22484.034416826005,0.3447465592480698,24774.647887323943,0.10271546635182999
35025000300,0,6502771.0,3306,0.0005083986503599773,0.7928009679370841,16925.59198542805,0.4501519756838906,23781.601123595505,0.04401805869074492
35025000400,0,5202636.0,2441,0.00046918523609954644,0.7607537894305613,16483.978494623654,0.3994264645637034,30758.928571428572,0.05568268497330282
35025000501,0,9043898.0,6099,0.0006743773536587874,0.2042957861944581,38947.03688354745,0.11479717523402858,76977.84810126582,0.3263075722092115
35025000502,0,14821898.0,5538,0.00037363635885228735,0.379378837125316,28840.801117838844,0.19953051643192488,47752.19298245614,0.1987140232700551
35025000600,0,14551412.0,5870,0.00040339727855963396,0.4495741056218058,34960.882210373245,0.12582897033158813,62187.11467324291,0.23310533515731874
35025000700,0,1355177681.0,7906,5.833921345403267e-06,0.3050847457627119,37549.22813036021,0.12416107382550336,51191.079574252406,0.1630499701373681
35025000800,0,690356150.0,2896,4.194936193441603e-06,0.3863950276243094,27602.614379084967,0.1608439986163957,33570.99514563107,0.13644115974985788
35025000900,0,2922915047.0,2118,7.246190758003238e-07,0.4235127478753541,25849.690976514215,0.17928098391674552,31342.229199372057,0.13192419825072887
35025001002,0,17206315.0,6254,0.00036347120228822965,0.5823472977294532,26079.783223374176,0.24190317195325542,39887.48458692971,0.10260723296888141
35025001003,0,5129635.0,3636,0.0007088223626047467,0.4986248624862486,36119.98502994012,0.18189345845983992,55422.794117647056,0.21549747822099954
35025001100,0,6313363336.0,3976,6.297752542338393e-07,0.3365191146881288,28079.251700680274,0.18106270460841098,40129.645635263616,0.21108910891089108
35027980200,0,6392142310.0,1957,3.061571387324135e-07,0.4481349003576903,25861.753958587087,0.20053050397877983,34162.64090177134,0.2073509015256588
35027980300,0,3868094833.0,2841,7.344701003094564e-07,0.2006335797254488,29165.187119234117,0.1302626844188557,43564.27818756586,0.24948979591836734
35027980400,0,2166955504.0,5944,2.7430189447950937e-06,0.40309555854643336,31741.902748414377,0.1670886075949367,111021.44772117962,0.271523178807947
35027980600,0,57063215.0,6211,0.00010884420024353692,0.19433263564643374,32300.536097212294,0.12243910308114211,104270.59364933272,0.3509490940465919
35027980800,0,28210652.0,2458,8.713020883033828e-05,0.24206672091131,28211.463187325255,0.15371692566148676,86771.408839779,0.2779700115340254
35028000100,0,52423426.0,4141,7.899140357595095e-05,0.19125815020526443,86757.70953294946,0.020043467761410288,240324.00849858357,0.7184676544994579
35028000200,0,89591299.0,4613,5.14893751010352e-05,0.1591155430305658,57839.957035445754,0.030869565217391304,170803.76538740043,0.6825396825396826
35028000400,0,80510861.0,3526,4.379533340228469e-05,0.2577992058990357,47085.32311062432,0.066067806432918,133614.185110664,0.6181683899556869
35028000500,0,60214715.0,6063,0.00010068967361217271,0.13772060036285666,78058.60071301248,0.013359722909450767,232444.25996204934,0.6614248272575649
35029000100,0,42995247.0,5474,0.00012731639848469762,0.5705151625867738,19940.639481000926,0.29219235692082646,55260.6783919598,0.16472222222222221
35029000200,0,18643050.0,3978,0.00021337710299548624,0.663901458019105,19759.14985590778,0.3310657596371882,37983.51158645276,0.12307692307692308
35029000300,0,2298458.0,2594,0.001128582728072473,0.5674633770239013,17299.79695431472,0.23526900085397096,66175.37313432836,0.12592172433352242
35029000400,0,2712993121.0,6063,2.234801095907386e-06,0.553851228764638,18822.62443438914,0.36765676567656763,28740.770042194094,0.14141949152542374
35029000500,0,4897407535.0,4406,8.996596604452278e-07,0.5201997276441217,18404.84813084112,0.3091776465243071,26246.290801186944,0.11966701352757544
35029000600,0,5484785.0,2501,0.0004559887032946597,0.8548580567772891,13155.888650963598,0.4309723889555822,43542.41877256318,0.09054054054054055
35031940200,0,82377770.0,1284,1.5586729283883262e-05,0.9096573208722741,22284.240687679085,0.6175548589341693,51734.69387755102,0.17109634551495018
35031940300,0,33217174.0,6343,0.0001909554376901539,0.9825003941352672,23592.4541128484,0.4304961166587415,59109.82008995502,0.10416666666666667
35031940400,0,1189784333.0,122,1.0253959193796175e-07,0.9426229508196722,24753.846153846152,0.29508196721311475,25892.85714285714,0.078125
35031943400,0,2167478313.0,2459,1.1344980871326486e-06,0.9902399349328995,13608.04248861912,0.662057747051647,28451.776649746193,0.07756463719766472
35031943500,0,1730694294.0,3986,2.3031219400322355e-06,0.9355243351731058,25301.32625994695,0.3286467486818981,26591.710758377427,0.26699507389162563
35031943600,0,941609365.0,6311,6.702354749838326e-06,0.968309301220092,17658.248957712924,0.44566602931803695,34802.483069977425,0.09244532803180915
35031943700,0,1565580305.0,4416,2.8206793263153628e-06,1.0,22935.61872909699,0.34331744951213977,30074.11067193676,0.1213235294117647
35031943800,0,1099231974.0,7037,6.40174245877604e-06,0.977831462270854,21923.552123552123,0.4317922374429224,28669.25064599483,0.15171583383503914
35031943900,0,1126554161.0,9813,8.710633132178364e-06,0.9454804850708244,26756.418023475955,0.4403342504840518,38655.67993366501,0.09143091430914309
35031945200,0,84049379.0,6059,7.208857545515001e-05,0.8227430269021291,34510.19607843137,0.27470159151193635,53185.95041322314,0.21847649918962722
35031945300,0,53978375.0,3035,5.622622022245019e-05,0.9166392092257002,26289.078156312626,0.35813492063492064,50237.83185840708,0.06516290726817042
35031945400,0,3615566.0,3215,0.0008892107072585592,0.7443234836702954,28031.810766721042,0.20433236340122857,66574.23208191126,0.2655579399141631
35031945500,0,22548806.0,5590,0.00024790669625699915,0.5008944543828264,53699.26907263591,0.10698447893569844,136442.8675400291,0.4409344305813645
35031945600,0,12359749.0,5511,0.00044588284114831136,0.7925966249319543,38419.656992084434,0.2306190197227104,42460.176991150445,0.23331108144192256
35031945700,0,637572097.0,2261,3.54626560766821e-06,0.9301194161875277,22004.311543810847,0.28217602830605926,23920.95914742451,0.13413654618473897
35031945800,0,138636268.0,509,3.6714779425539644e-06,0.4636542239685658,21542.77456647399,0.22986247544204322,47500.0,0.23487544483985764
35031946000,0,1029260486.0,6124,5.949902948086166e-06,0.8945133899412149,22072.78787878788,0.4226180748488315,22475.035663338087,0.12770411723656663
35031972100,0,1539366288.0,0,0.0,,,,,
35031972800,0,657025878.0,723,1.1004132777856888e-06,0.3914246196403873,54592.27272727273,0.07883817427385892,58737.980769230766,0.21923937360178972
35033955200,0,5001977368.0,5180,1.0355904513160924e-06,0.8254826254826255,21169.627791563275,0.2535950252623397,42426.42642642643,0.2013142174432497
35035000100,0,2061039.0,2868,0.001391531164621339,0.5833333333333334,19115.919085312224,0.2706950750960531,41077.87810383747,0.10409356725146199
35035000200,0,1372391.0,2021,0.0014726123969043808,0.4477981197427016,21937.706855791963,0.19846938775510203,56598.557692307695,0.23089046493301812
35035000301,0,15150725.0,6594,0.00043522669707225233,0.34182590233545646,30182.07955888145,0.12923598274799752,70512.22736285525,0.2686993806574559
35035000302,0,6060586.0,8002,0.0013203343703067658,0.31729567608097975,28016.489028213167,0.10078779542328373,82743.68630926008,0.28091372474985843
35035000401,0,4450521.0,5503,0.0012364844475511968,0.35635108122842085,37752.01465201465,0.09750231267345051,79818.9170182841,0.28276431718061673
35035000402,0,34101843.0,7060,0.00020702693399884576,0.5167138810198301,28678.51880573866,0.20760068065796938,62529.603315571345,0.25733207190160834
35035000500,0,99497814.0,6422,6.454413159268001e-05,0.495172843350981,27146.80034129693,0.21453178828687755,29348.26883910387,0.19400162118346392
35035000601,0,1692224608.0,2208,1.3047913318135603e-06,0.33016304347826086,38135.1724137931,0.11032531824611033,67441.86046511628,0.41089108910891087
35035000602,0,481139948.0,1288,2.67697580580027e-06,0.19177018633540371,26396.86847599165,0.21708185053380782,54257.925072046106,0.2226233453670277
35035000603,0,65678904.0,2471,3.762243048391916e-05,0.3083771752326993,28700.41407867495,0.10552147239263804,48285.71428571428,0.23284313725490197
35035000700,0,2220600554.0,6020,2.7109783383400883e-06,0.4656146179401993,24493.027284538763,0.19993302076356329,32697.860962566843,0.1919318466549737
35035000800,0,1860053966.0,3136,1.6859725886039158e-06,0.9700255102040817,25525.29411764706,0.35682110682110685,40690.721649484534,0.12638888888888888
35035000900,0,10645604157.0,8705,8.177084054244156e-07,0.47823090178058586,25083.52527191299,0.3004034582132565,54883.32058148432,0.25244177310293014
35037958500,0,3313467913.0,1895,5.719083599889987e-07,0.23641160949868073,20884.655396618986,0.149364406779661,31497.67801857585,0.1625194401244168
35037958601,0,25959283.0,3299,0.00012708363324210456,0.42255228857229465,24036.570247933883,0.19401161014359913,70115.30398322851,0.23714539007092197
35037958602,0,43461288.0,3388,7.795443153916654e-05,0.6230814639905549,22195.505617977527,0.28496772210267446,33974.431818181816,0.08048021342819031
35037958800,0,4061641214.0,1573,3.872818688608078e-07,0.1417673235855054,33821.16564417178,0.14996725605762934,29487.57763975155,0.22561492790500423
35039000100,0,313590390.0,3559,1.1349199827201338e-05,0.9216071930317505,22852.627737226278,0.1975795102730087,78646.9387755102,0.15043103448275863
35039000200,0,383338423.0,4073,1.0625076318008436e-05,0.8018659464767984,29484.247006931317,0.18976126015259662,92327.99061767006,0.2839370654957922
35039000300,0,350089740.0,6351,1.814106291718232e-05,0.8839552826326563,31438.296003513395,0.18657187993680885,59839.240506329115,0.19125258799171843
35039000400,0,4068009564.0,5117,1.2578633160755274e-06,0.8465897987101817,31348.597141344628,0.17402393564842064,51224.17031934878,0.2374727668845316
35039000500,0,4596772566.0,4273,9.295652414055066e-07,0.6789141118652001,27964.905889496054,0.18294460641399418,56229.44693572496,0.20767418377650623
35039000600,0,2350326136.0,130,5.531147273937305e-08,0.26153846153846155,9100.0,0.5461538461538461,7236.8421052631575,0.12121212121212122
35039940700,0,6600997.0,3419,0.0005179520608780765,0.9102076630593741,25997.401633259095,0.22357121705655908,77451.97740112995,0.20407259849490925
35039940800,0,148967550.0,4655,3.1248416181913445e-05,0.8406015037593985,36850.26423957722,0.17551813471502592,147675.28931245746,0.3153183023872679
35039940900,0,2855019942.0,2729,9.558602235500603e-07,0.968486625137413,31964.26799007444,0.2845528455284553,41612.61261261261,0.1802919708029197
35039943300,0,38386128.0,136,3.5429465561100612e-06,0.9485294117647058,9991.111111111111,0.5,20657.894736842107,0.039473684210526314
35039954100,0,68394804.0,6748,9.86624656457821e-05,0.9362774155305276,28476.349275998244,0.22740092029093067,65118.47710330138,0.15714642055375405
35041000100,0,6260711.0,4000,0.000638905070047156,0.334,27928.76376988984,0.22442824830359387,57780.32619775739,0.37973568281938325
35041000200,0,7793764.0,3493,0.00044817882604605424,0.6733466933867736,23607.730263157893,0.2987503632664923,31444.72361809045,0.12569409389197375
35041000300,0,7779435.0,4090,0.0005257451215930206,0.3176039119804401,22317.35924932976,0.23940800928612885,70285.2614896989,0.4491075735648818
35041000400,0,6317029597.0,6435,1.018674980255914e-06,0.26666666666666666,34910.62062937063,0.18465864708639276,26535.287421741607,0.21780158122927826
35043010101,0,1731643412.0,2858,1.6504552728318872e-06,0.5178446466060181,43426.71300893744,0.12332628611698379,119918.0790960452,0.36861702127659574
35043010102,0,174989868.0,1958,1.1189219252396945e-05,1.0,28224.36440677966,0.2548518896833504,79148.10690423162,0.1291866028708134
35043010200,0,3176150325.0,2184,6.876248843794886e-07,0.7838827838827839,25854.982415005863,0.2594123048668503,48172.333848531685,0.23197278911564626
35043010301,0,1010304865.0,216,2.137968522996274e-07,0.7638888888888888,44365.625,0.21296296296296297,54062.5,0.23648648648648649
35043010302,0,212877648.0,3185,1.49616459497899e-05,0.9453689167974882,38611.52141802068,0.3079104947998739,101473.2824427481,0.08238805970149254
35043010502,0,488180633.0,4672,9.570228075803245e-06,0.3523116438356164,62209.56384655806,0.07002141327623126,218659.5251881876,0.5172910662824207
35043010503,0,6469103.0,3056,0.00047239934191803715,0.8020287958115183,32335.933391761613,0.18494055482166447,43724.489795918365,0.1989189189189189
35043010601,0,12497080.0,3467,0.0002774248064347832,0.3536198442457456,59547.364457831325,0.07665505226480836,233178.11934900543,0.4972791963164504
35043010602,0,10801083.0,3371,0.000312098333102338,0.2509641056066449,73324.84423676012,0.027884900622960545,219997.93388429753,0.593248250308769
35043010702,0,8823534.0,5565,0.0006306996720361705,0.36298292902066487,49610.2523659306,0.05707598127475693,147267.3098751419,0.4426898992649061
35043010703,0,19179041.0,6058,0.0003158656368689133,0.37124463519313305,55388.5824866957,0.014217225987766573,122089.05992303464,0.332089552238806
35043010705,0,4113610.0,5322,0.0012937541478166379,0.34723788049605414,47803.35195530726,0.044950159864585296,109970.18204645324,0.30787878787878786
35043010709,0,20930520.0,4485,0.00021428039054930312,0.32998885172798215,44926.8501529052,0.06708548350908683,115156.78254942059,0.31577169875042216
35043010710,0,79568449.0,2737,3.439805644571506e-05,0.4618195104128608,53079.29465301479,0.04238217025940811,119090.90909090909,0.4069627851140456
35043010711,0,247513601.0,6650,2.6867210420489174e-05,0.4276691729323308,36470.17892644135,0.06521084337349398,81956.46945646945,0.27974358974358976
35043010712,0,3903295.0,5102,0.001307100795609863,0.3749509996079969,42412.00686106346,0.09081934846989141,99519.23076923077,0.2821963394342762
35043010713,0,4867102.0,4924,0.0010116903241394982,0.4023151909017059,42915.93874078276,0.08054649265905384,84326.65260196906,0.25740242261103635
35043010714,0,3532576.0,3347,0.0009474672307120922,0.3471765760382432,50443.71747211896,0.04818916492068243,163839.71291866028,0.4213509683514407
35043010715,0,2358925.0,3749,0.0015892832540246086,0.287810082688717,36467.58967904343,0.026867275658248254,119008.06451612903,0.4313421256788208
35043010716,0,5225448.0,4922,0.0009419288068697651,0.2842340511986997,31427.81553398058,0.05952634947727758,105493.89778794812,0.2940226171243942
35043940100,0,185399108.0,1482,7.99356596688696e-06,0.761808367071525,28954.901960784315,0.16666666666666666,96903.40909090909,0.3343915343915344
35043940200,0,273494103.0,3445,1.2596249652958697e-05,0.9886792452830189,24626.899696048633,0.3927431059506531,88252.91181364392,0.07466973004020677
35043940300,0,1987378.0,0,0.0,,,,,
35043940400,0,72019679.0,368,5.109714526775383e-06,0.9755434782608695,31307.8125,0.17119565217391305,65747.86324786325,0.4537037037037037
35043940500,0,5581070.0,3818,0.0006840982105581904,0.8470403352540598,30719.95341614907,0.18420362109682498,52835.249042145595,0.11794171220400729
35043940800,0,62693477.0,0,0.0,,,,,
35043940900,0,550218738.0,9,1.635713104339969e-08,1.0,14000.0,0.0,45000.0,0.0
35043943300,0,1225516334.0,2958,2.413676519794146e-06,0.9597701149425287,12403.381014304292,0.6473968897903989,26223.702664796634,0.057329462989840346
35043945900,0,6006924.0,0,0.0,,,,,
35045000100,0,14921008.0,4890,0.0003277258480124131,0.561963190184049,29826.183518410286,0.2759967118783395,49525.70921985816,0.12266857962697274
35045000201,0,13031083.0,2991,0.000229528121338802,0.17452357071213642,65230.281051677244,0.032430625208960215,144735.8591248666,0.37544757033248083
35045000202,0,23018042.0,3753,0.0001630460140788691,0.1905142552624567,61285.32182103611,0.0200389646534929,164836.82008368202,0.3842687423187218
35045000204,0,4663439.0,2173,0.00046596513860264926,0.4058904739990796,42506.49006622517,0.14990774907749077,63673.30016583748,0.19036869826937547
35045000205,0,6610138.0,6289,0.0009514173531626723,0.4561933534743202,33045.833333333336,0.19887005649717515,65561.79775280898,0.2048260381593715
35045000301,0,3004564.0,4723,0.0015719418857444874,0.2259157315265721,39682.137481184145,0.11611122903842072,106019.14893617021,0.3968921981223697
35045000302,0,1982336.0,3249,0.0016389754310066507,0.24007386888273316,34690.06823351023,0.1621371216800494,93606.2906724512,0.2978622327790974
35045000401,0,10042358.0,4870,0.00048494586629952845,0.29568788501026694,41226.739130434784,0.13091746962714704,103355.40838852097,0.2523931078493937
35045000402,0,4303260.0,2984,0.0006934277733625205,0.5563002680965148,29258.468085106382,0.2694226657163222,51220.40072859745,0.20930232558139536
35045000501,0,391324016.0,4307,1.1006224570689267e-05,0.5126538193638264,38822.75054864667,0.1600563248063835,29735.472679965307,0.2111801242236025
35045000502,0,192978671.0,7803,4.0434520351733584e-05,0.5682429834678969,42352.21124946329,0.15492234629700938,50057.35140771637,0.2047092743873138
35045000601,0,435486418.0,6886,1.5812203814815645e-05,0.22712750508277665,36632.06286836935,0.13229741504501888,62281.680113906026,0.24671128548349874
35045000605,0,110232383.0,6016,5.4575614136909294e-05,0.2912234042553192,37830.379746835446,0.13287998529682044,75900.56285178236,0.20862346009641136
35045000606,0,97740702.0,7729,7.907657548847972e-05,0.3956527364471471,34404.916113928986,0.15273812613547885,37465.194431108976,0.17598242616548695
35045000702,0,490348199.0,1055,2.1515323236661873e-06,0.34218009478672984,64545.528455284555,0.08530805687203792,42483.277591973245,0.27300613496932513
35045000703,0,820066429.0,5575,6.798229756579878e-06,0.486457399103139,31880.62405636638,0.13077891707141573,36203.06633291615,0.12149253731343283
35045000704,0,67521629.0,7461,0.00011049792652366252,0.4839833802439351,33724.765401876786,0.1680087348164324,43520.56555269923,0.173668153015724
35045941000,0,422783735.0,0,0.0,,,,,
35045942800,0,1734518864.0,11513,6.637575548443271e-06,0.9885346999044559,24121.156330749352,0.37444627812038567,31667.453944260746,0.15663474692202461
35045942900,0,2465259991.0,5024,2.037918928770706e-06,0.9866640127388535,16286.707152496627,0.5360270700636943,41329.83023443816,0.08468335787923417
35045943000,0,1612246645.0,4828,2.994579033532428e-06,0.9929577464788732,23415.453074433655,0.37590711175616837,22534.983853606027,0.08095440988495953
35045943100,0,1004700352.0,2316,2.3051649134885543e-06,0.9930915371329879,17580.92715231788,0.3484455958549223,58281.25,0.12941176470588237
35045943200,0,4351992110.0,7366,1.6925582155984193e-06,0.7329622590279663,28652.593310712553,0.31251696986152594,33268.19809069212,0.10761979575805185
35047957200,0,15739350.0,4048,0.0002571897822972359,0.8695652173913043,27623.027989821883,0.2577710386656558,75033.33333333333,0.30466409927257165
35047957300,0,7576830.0,3675,0.0004850313389636563,0.806530612244898,22717.587209302324,0.24375400384368995,73537.79429987608,0.36469492314857943
35047957400,0,14627108.0,4826,0.0003299353501731169,0.8899709904682968,20386.56316916488,0.2716461506363447,52007.57575757576,0.24089542265285666
35047957500,0,9001497429.0,4688,5.208022372918461e-07,0.6593430034129693,26395.92081583683,0.22880583409298086,47333.083270817704,0.27222414389484606
35047957600,0,1542332421.0,6153,3.989412344720464e-06,0.7723061921014139,29543.64592462752,0.18306412139011258,66497.31903485255,0.24987443495730788
35047957700,0,1619338009.0,2245,1.3863689899963312e-06,0.844097995545657,23334.140127388535,0.19866369710467707,44934.11927877947,0.1859799713876967
35047957800,0,12807393.0,4491,0.0003506568432779411,0.8648407926965042,25876.437144662035,0.3239812959251837,54432.196339434275,0.3029105282069709
35049000101,0,14264268.0,4185,0.0002933904494783749,0.1985663082437276,50299.35720844812,0.06594982078853047,366086.2818125388,0.7102986324309238
35049000200,0,12450486.0,3592,0.0002885027941881144,0.45657015590200445,37554.15959252971,0.08630289532293986,192160.24340770792,0.5252454417952315
35049000300,0,891623.0,1748,0.0019604698398314087,0.5280320366132724,28887.953091684434,0.2515759312320917,154219.26910299005,0.45558086560364464
35049000400,0,1164363.0,611,0.0005247504429460572,0.20294599018003273,16253.678474114442,0.0614406779661017,158173.07692307694,0.4781849912739965
35049000500,0,3031897.0,2434,0.0008027977203711076,0.3126540673788003,44307.37527114968,0.05628594905505341,393235.29411764705,0.6033300685602351
35049000600,0,1629471.0,2334,0.0014323667006040611,0.32047986289631536,34496.81245366939,0.0805484147386461,292587.20930232556,0.573080967402734
35049000700,0,1285597.0,2205,0.001715156460383775,0.5850340136054422,31918.50048685492,0.14181152790484905,138175.04655493482,0.397068196303378
35049000800,0,1917025.0,3207,0.0016729046308733586,0.6002494543186779,33852.417659425366,0.1671343935141877,134358.82352941178,0.3628747795414462
35049000900,0,2545563.0,3668,0.0014409386057229775,0.6374045801526718,33906.40614990391,0.13564410480349345,123675.62380038388,0.3499613302397525
35049001001,0,2617281.0,2149,0.000821081114332011,0.35039553280595626,36736.11670020121,0.14094650205761317,261683.1683168317,0.49391304347826087
35049001002,0,2077106.0,3481,0.0016758894346268318,0.7753519103705832,24636.535662299855,0.3200229819017524,161725.0,0.23173569101907865
35049001102,0,4637785.0,2727,0.0005879962093973739,0.4118078474514118,52400.30651340996,0.10451045104510451,296841.39784946234,0.5905194150277358
35049001103,0,2194628.0,2340,0.0010662399276779482,0.6034188034188034,36248.101265822785,0.19671261930010606,138045.58011049725,0.358974358974359
35049001105,0,2426474.0,2698,0.0011119014669021799,0.43736100815418827,47726.87908496732,0.07060572277963582,152237.87167449138,0.5427055702917772
35049001106,0,2437665.0,2660,0.001091208184881844,0.7402255639097745,33268.653846153844,0.09337466098411469,119213.44647519583,0.2698412698412698
35049001107,0,2610161.0,5723,0.002192585055098134,0.5827363271011707,39693.56093344857,0.07531015201817229,137076.9720101781,0.4097132523895634
35049001201,0,5114843.0,9533,0.001863791322627107,0.8189447183467954,35113.45349211458,0.15144836272040302,50614.17502278942,0.166988416988417
35049001202,0,5522804.0,4026,0.0007289775266332102,0.8315946348733234,35723.357664233576,0.21251892983341747,42605.47320410491,0.21156263091746963
35049001203,0,10655131.0,2451,0.00023003002027849307,0.7690738474092207,43237.99237611182,0.22721649484536083,80217.07670043415,0.2770997846374731
35049001300,0,16036121.0,8211,0.0005120315567586451,0.7723785166240409,37485.688536409514,0.17499694488573872,93192.09891435465,0.2736098852603707
35049010102,0,299965034.0,4875,1.6251894212443442e-05,0.8127179487179487,36347.545504688365,0.14564102564102563,117940.65387348969,0.3060951105157401
35049010103,0,83141094.0,1757,2.1132750550528e-05,0.8582811610700057,26790.611664295873,0.13397947548460662,130418.01948051948,0.26437768240343346
35049010201,0,605891682.0,4480,7.394060907408199e-06,0.4421875,60092.56072874494,0.07988364287312598,322764.59268762026,0.535194880744619
35049010202,0,54475448.0,2712,4.978389530637729e-05,0.7831858407079646,35718.976744186046,0.14312198739340007,126969.79038224414,0.30729465824238944
35049010302,0,10604244.0,4496,0.00042398119092695337,0.42838078291814946,53115.403665180784,0.046724793203666445,202435.0845410628,0.5309112217990039
35049010304,0,58480182.0,2431,4.156963806986784e-05,0.520773344302756,51132.36714975845,0.058823529411764705,214717.04871060172,0.46674514420247204
35049010305,0,2615000.0,904,0.000345697896749522,0.8373893805309734,87130.30303030302,0.0,97826.08695652174,0.125
35049010306,0,2311317670.0,10804,4.6743899119674014e-06,0.2623102554609404,45640.71686436307,0.07261430028748957,89865.25229357799,0.39759907434191494
35049010307,0,402073430.0,1829,4.548920330298871e-06,0.6899945325314379,54162.00941915227,0.057534246575342465,276656.36042402824,0.39826839826839827
35049010308,0,141037244.0,2360,1.6733168722440435e-05,0.6444915254237288,40237.106184364064,0.21455938697318008,79158.26612903226,0.24216144096064043
35049010400,0,42112136.0,2901,6.888750549247846e-05,0.12616339193381593,54017.44574290484,0.037940379403794036,374963.19921491656,0.6605058365758755
35049010500,0,33118597.0,1562,4.7163833661190416e-05,0.382842509603073,61422.326203208555,0.08322663252240717,415326.0869565217,0.5586370839936609
35049010600,0,285604395.0,6307,2.20829935057547e-05,0.3553194862850801,52602.36873272799,0.07356687898089172,174958.27538247567,0.5714285714285714
35049010700,0,80935173.0,4875,6.023339197656376e-05,0.20533333333333334,66673.06182531895,0.048205128205128206,260255.7616638561,0.6711135311734278
35049010800,0,236208974.0,2899,1.227303074437807e-05,0.44567092100724387,59589.0052356021,0.08770090845562543,175868.2008368201,0.5615644616127474
35049940100,0,22441032.0,0,0.0,,,,,
35049940200,0,15565452.0,0,0.0,,,,,
35049940300,0,153763293.0,1526,9.924345207669298e-06,0.8079947575360419,31860.59544658494,0.1247537754432042,144357.47663551403,0.2769556025369979
35049940700,0,4477352.0,2591,0.0005786902615653181,0.8591277499035122,33841.56746031746,0.21201550387596899,108839.94126284875,0.26057633353770693
35049940800,0,6024192.0,0,0.0,,,,,
35051982200,0,7270097.0,3821,0.0005255775817021423,0.33760795603245225,16569.939327082186,0.26277372262773724,38213.09424520434,0.19197080291970803
35051982300,0,9294304.0,3972,0.0004273585197987929,0.2595669687814703,18840.401903754628,0.18973684210526315,45934.510669610005,0.16221498371335505
35051982400,0,10806750173.0,5477,5.068128634715687e-07,0.28902683951068103,19679.19966652772,0.18559912055698058,45916.54247391952,0.205078125
35053941500,0,200113725.0,0,0.0,,,,,
35053946100,0,1016189506.0,1591,1.565652853730611e-06,0.994343180389692,13767.543859649122,0.7014456316781899,56360.42402826855,0.056241426611796985
35053978100,0,8462717769.0,4547,5.372978426216969e-07,0.5740048383549593,28058.669833729215,0.22717198581560283,35957.520891364904,0.21550820817324484
35053978200,0,7308955943.0,1803,2.4668365961718317e-07,0.49750415973377704,30422.432432432433,0.24722222222222223,36517.7065767285,0.22969647251845776
35053978301,0,170852791.0,2879,1.6850763649509245e-05,0.5995137200416811,30342.43813015582,0.3103693181818182,65952.38095238095,0.3269447576099211
35053978302,0,4491308.0,3614,0.0008046653669710472,0.54344216934145,23839.723183391005,0.32621173469387754,74717.04871060172,0.3415154749199573
35053978303,0,51497977.0,3644,7.076006111851733e-05,0.681119648737651,25415.7060518732,0.2905089408528198,47697.6386036961,0.201099404489235
35055952100,0,1510030006.0,6139,4.065482126584974e-06,0.5271216810555465,29630.11869436202,0.17254325824355207,137578.0124819971,0.3489827856025039
35055952300,0,2384427828.0,2901,1.2166440795288353e-06,0.5908307480179249,21348.549618320612,0.24439074905074215,55516.02262016965,0.3063152660367976
35055952400,0,477270113.0,6850,1.4352459568319963e-05,0.6597080291970803,27268.067516362386,0.2578078962875663,141483.1349206349,0.34590129209913156
35055952600,0,66395016.0,6579,9.908876292762698e-05,0.7146982824137407,27746.327057954964,0.18693590331956556,116221.62022703819,0.2756334359460099
35055952700,0,1196976006.0,5709,4.76951916444681e-06,0.6708705552636188,27955.841417123578,0.1856074100463128,128826.09846479619,0.2945240532241556
35055952900,0,70852467.0,1801,2.5419016108500498e-05,0.960577456968351,19664.887640449437,0.25194660734149055,61267.24137931035,0.19747899159663865
35057940300,0,66724675.0,0,0.0,,,,,
35057963201,0,148878854.0,4287,2.8795224337231935e-05,0.31677163517611384,35738.46153846154,0.1320666197513488,21551.724137931036,0.3021722265321955
35057963202,0,166535556.0,3090,1.8554596232890953e-05,0.4203883495145631,28890.49235993209,0.16488153197013958,44521.81208053691,0.18191322530057502
35057963203,0,2771938772.0,7317,2.6396686946734624e-06,0.45442121087877546,29992.690894242547,0.22600207069960065,30395.238095238095,0.15485278080697928
35057963400,0,4474818103.0,632,1.4123479110274797e-07,0.620253164556962,19455.335968379448,0.19936708860759494,25995.02487562189,0.08904109589041095
35057963500,0,1034212286.0,1585,1.5325673669283794e-06,0.522397476340694,20842.192192192193,0.2409867172675522,34564.128256513024,0.15930902111324377
35059950200,0,9903449966.0,4174,4.214692874028703e-07,0.3706276952563488,25941.377314814814,0.1812710640346654,39621.93190815519,0.16223977027997127
35061940100,0,293334684.0,634,2.1613536843123534e-06,0.7555205047318612,40235.416666666664,0.32018927444794953,23254.716981132075,0.1260053619302949
35061940200,0,98733987.0,41,4.1525721026539725e-07,1.0,30091.666666666668,0.0,128571.42857142857,0.11538461538461539
35061940300,0,227706880.0,931,4.088589681611728e-06,0.9538131041890441,39856.505576208176,0.09945945945945946,90683.45323741007,0.12525667351129363
35061970101,0,29900704.0,4513,0.000150932901111626,0.6357190339020607,29892.625368731562,0.2481001341081806,13336.95652173913,0.0984009840098401
35061970102,0,19338861.0,5862,0.0003031202302969136,0.5419651995905834,32337.76054289869,0.11977381768334476,76657.14285714286,0.23582013285641287
35061970200,0,13289586.0,4358,0.00032792594141006347,0.3609453877925654,43169.377382465056,0.10476410730804811,117735.45706371192,0.29622132253711203
35061970301,0,115435532.0,6213,5.382224946128372e-05,0.7382906808305166,30472.62044653349,0.3098773402194964,29369.76144422953,0.07550280250576986
35061970302,0,154372859.0,1796,1.1634169449436705e-05,0.5094654788418709,43570.786516853936,0.03910614525139665,98355.81787521079,0.28171641791044777
35061970303,0,46087594.0,6352,0.0001378245086953335,0.5799748110831234,36621.09058134295,0.15071315372424723,97732.34683281412,0.2477333986767949
35061970401,0,7790896.0,5340,0.0006854153873957501,0.6749063670411986,32726.850828729283,0.14491916859122403,72300.88495575222,0.17793594306049823
35061970402,0,106239562.0,1337,1.258476573915092e-05,0.5153328347045625,35518.9138576779,0.11307692307692307,111080.90185676393,0.3248554913294798
35061970403,0,60791772.0,4556,7.494435266667338e-05,0.608647936786655,36359.92438563327,0.1273900023036167,119981.79611650485,0.2745236414961186
35061970700,0,41531244.0,5860,0.00014109859073809587,0.5959044368600682,36835.12443438914,0.1705672352241174,80316.78641410843,0.17358392064735056
35061970800,0,13680841.0,5024,0.00036722888600196433,0.6805334394904459,29279.90327780763,0.1816535908267954,78128.19576333089,0.2524271844660194
35061970901,0,19495559.0,4876,0.0002501082426002763,0.6972928630024611,25475.0,0.24184667513765354,66933.66951124903,0.12483311081441922
35061970902,0,30725476.0,2375,7.72974192490948e-05,0.6442105263157895,32955.393258426964,0.125,66059.32203389831,0.14544279250161604
35061971000,0,19385903.0,4121,0.0002125771494884711,0.4086386799320553,26721.9053051911,0.0736196319018405,93074.4822979292,0.2883970489604292
35061971100,0,591936381.0,1317,2.2249012601237634e-06,0.5816249050873197,31163.466042154567,0.2345301757066463,42243.42105263158,0.157035175879397
35061971200,0,871597481.0,646,7.411678143663657e-07,0.6191950464396285,35197.82608695652,0.07430340557275542,44396.98492462312,0.17557251908396945
