tract ID,within 3km,land area,population,population density,white,percent people of color,Black or African American alone,American Indian and Alaska Native alone,Asian alone,Native Hawaiian and Other Pacific Islander alone,Some other race alone,Two or more races,race population,Hispanic or Latino,Hispanic or Latino population,aggregate income,income population,mean household income,poverty under 1,poverty population,percent below poverty,housing value,housing population,mean owner-occupied housing value,school population,with a degree,percent with a degree
23001010100,0,880808.0,1732,1966.3763271904886,1589,0.0825635103926097,8,19,0,0,18,61,1732,62,1732,11942800,940,12705.106382978724,634,1616,0.39232673267326734,652500,111,5878.378378378378,1244,138,0.11093247588424437
23001010200,0,43948038.0,4701,106.96723253038054,4547,0.03275898744947883,25,0,32,0,0,97,4701,0,4701,61870100,2052,30151.120857699803,534,4405,0.12122587968217934,73425000,1036,70873.55212355213,3276,914,0.278998778998779
23001010300,0,1204261.0,2567,2131.597718434791,2473,0.036618620958317104,10,5,11,0,25,35,2567,33,2567,38722300,1107,34979.494128274615,438,2538,0.17257683215130024,27650000,439,62984.05466970387,1560,384,0.24615384615384617
23001010400,0,2256305.0,2216,982.1367235369332,2137,0.03564981949458484,0,0,56,0,0,18,2216,5,2216,32728200,757,43234.08190224571,153,1924,0.07952182952182953,46797500,540,86662.03703703704,1563,405,0.2591170825335892
23001010500,0,778737.0,2012,2583.6707386447542,1917,0.04721669980119284,39,12,0,0,0,21,2012,29,2012,21752100,939,23165.17571884984,390,1994,0.19558676028084251,12587500,304,41406.25,1277,163,0.12764291307752546
23001010600,0,60497574.0,3007,49.70447244711003,2935,0.02394413036248753,0,0,23,0,0,49,3007,0,3007,45700300,1151,39704.86533449175,177,2981,0.0593760483059376,57857500,904,64001.6592920354,2152,436,0.20260223048327136
23001010700,0,29333982.0,3022,103.02044911597751,2883,0.04599602911978822,21,18,16,0,10,41,3022,60,3022,60515900,1218,49684.64696223317,150,2949,0.0508646998982706,72177500,909,79403.1903190319,2073,506,0.24409068982151472
23001010800,0,14778779.0,3946,267.00446633649506,3889,0.01444500760263558,0,25,12,0,0,20,3946,0,3946,79533700,1630,48793.68098159509,212,3940,0.05380710659898477,138375000,1351,102424.13027387121,2794,1178,0.42161775232641374
23001020100,0,712588.0,1318,1849.5961200581542,1173,0.11001517450682853,13,28,0,6,48,38,1318,12,1318,8156900,788,10351.395939086295,609,1315,0.46311787072243343,0,27,0.0,1016,93,0.09153543307086615
23001020200,0,940798.0,1259,1338.2256339830653,1208,0.04050833995234313,0,11,31,0,0,9,1259,0,1259,14350500,606,23680.69306930693,199,1242,0.16022544283413848,7320000,222,32972.97297297297,806,120,0.1488833746898263
23001020300,0,1574290.0,6955,4417.864561167256,6488,0.06714593817397556,77,48,89,0,0,193,6955,87,6955,60062300,2912,20625.789835164836,1314,5402,0.24324324324324326,11965000,460,26010.869565217392,4074,524,0.12862052037309768
23001020400,0,1467337.0,3329,2268.735811882342,2972,0.10723941123460498,64,20,0,0,95,143,3329,155,3329,24819200,1531,16211.103853690398,1226,3298,0.37174044875682233,9825000,219,44863.01369863014,1854,222,0.11974110032362459
23001020500,0,2912149.0,3863,1326.5117959280244,3696,0.043230649754077144,53,5,20,0,0,83,3863,22,3863,47653100,1800,26473.944444444445,359,3842,0.09344091618948465,69165000,1019,67875.36800785083,2765,451,0.16311030741410487
23001020600,0,26187744.0,2729,104.20905290658104,2661,0.02491755221692928,20,15,19,0,0,0,2729,14,2729,53521300,1132,47280.30035335689,116,2701,0.042947056645686786,69497500,915,75953.5519125683,2025,324,0.16
23001020700,0,6152011.0,4924,800.3886859109972,4787,0.027822908204711616,46,10,40,0,0,32,4924,9,4924,94620600,2164,43724.86136783734,261,4791,0.054477144646211645,122492500,1457,84071.72271791352,3708,880,0.2373247033441208
23001020800,0,37006733.0,7196,194.45110164142295,6922,0.03807670928293496,47,0,47,0,0,161,7196,47,7196,105744400,2826,37418.400566171265,648,7108,0.0911648846370287,147222500,2052,71745.85769980507,4949,927,0.18731056779147304
23001020900,0,11492722.0,4117,358.2267107827023,3964,0.03716298275443284,0,25,69,0,19,40,4117,19,4117,48287500,1532,31519.25587467363,427,3645,0.11714677640603567,67187500,859,78215.94877764843,2597,708,0.2726222564497497
23001030100,0,37689720.0,4392,116.53044915165196,4319,0.016621129326047358,23,0,7,0,4,34,4392,9,4392,63167800,1805,34996.01108033241,285,4357,0.06541198072067937,63495000,1318,48175.265553869496,2916,608,0.2085048010973937
23001030200,0,21466383.0,4685,218.24822560931668,4531,0.03287086446104589,0,24,0,9,0,63,4685,58,4685,61945900,1809,34243.17302377004,473,4637,0.10200560707353892,94280000,1294,72859.35085007727,3057,539,0.17631665031076219
23001040000,0,99145260.0,3381,34.101478981446014,3344,0.010943507837917775,7,4,0,0,0,21,3381,5,3381,62835100,1232,51002.51623376623,221,3373,0.06552030833086274,89867500,1090,82447.24770642201,2298,766,0.3333333333333333
23001041000,0,109372584.0,4866,44.490125605883094,4788,0.016029593094944512,35,0,0,0,0,43,4866,6,4866,93264900,1848,50468.01948051948,165,4825,0.03419689119170984,124837500,1634,76399.9388004896,3380,875,0.2588757396449704
23001041500,0,105062674.0,5386,51.264638476648706,5291,0.017638321574452283,20,29,12,0,8,15,5386,26,5386,78008200,1969,39618.181818181816,560,5295,0.10576015108593012,94752500,1583,59856.28553379659,3528,669,0.18962585034013604
23001042000,0,153471153.0,4972,32.39696778716454,4767,0.04123089300080451,7,11,7,0,100,65,4972,115,4972,103923200,1764,58913.378684807256,272,4966,0.05477245267821184,103010000,1452,70943.5261707989,3180,821,0.2581761006289308
23001043000,0,97435647.0,2106,21.61426608066758,2039,0.03181386514719848,11,10,0,4,0,35,2106,7,2106,28715600,841,34144.58977407848,108,2100,0.05142857142857143,37487500,749,50050.066755674234,1491,274,0.18376928236083165
23001044000,0,50974347.0,3227,63.30635289942998,3113,0.03532692903625659,25,52,7,0,0,25,3227,5,3227,35822400,1328,26974.698795180724,493,3142,0.15690642902609803,34717500,918,37818.62745098039,2075,241,0.116144578313253
23001045000,0,103740958.0,2001,19.28842800931142,1957,0.021989005497251374,2,13,7,0,3,10,2001,12,2001,26594600,729,36480.93278463649,196,1993,0.09834420471650777,28015000,625,44824.0,1305,274,0.2099616858237548
23001046000,0,83584345.0,4076,48.76511265357167,3957,0.029195289499509322,34,38,6,0,7,20,4076,21,4076,67624900,1496,45203.810160427805,265,4046,0.06549678695007415,97867500,1313,74537.31911652704,2728,551,0.20197947214076245
23001046500,0,107905366.0,5808,53.824941384286674,5657,0.02599862258953168,14,0,22,0,26,82,5808,33,5808,83818400,2189,38290.72635906807,230,5739,0.04007666840913051,96647500,1855,52101.078167115906,3869,640,0.16541742052209873
23003950100,0,1629258831.0,2702,1.6584228046452123,2632,0.025906735751295335,4,38,0,0,0,26,2702,8,2702,29543900,1105,26736.56108597285,364,2682,0.13571961222967935,39947500,978,40846.1145194274,1983,411,0.20726172465960666
23003950200,0,177078664.0,3149,17.783057138944756,3071,0.024769768180374723,2,17,7,0,6,22,3149,24,3149,24850300,1321,18811.733535200605,636,2986,0.21299397186872068,30472500,853,35723.915592028134,2346,342,0.14578005115089515
23003950300,0,143958783.0,4534,31.49512593476148,4460,0.016321129245699163,12,36,0,0,0,26,4534,0,4534,64061000,2000,32030.5,507,4427,0.11452450869663429,84280000,1399,60243.03073624017,3371,606,0.17976861465440522
23003950400,0,151906735.0,2027,13.343713825460076,2022,0.00246669955599408,0,0,0,0,0,2,2027,3,2027,26911300,830,32423.253012048193,196,1982,0.09889001009081735,34070000,662,51465.25679758308,1480,229,0.15472972972972973
23003950600,0,140303759.0,4233,30.170253670822888,4099,0.031656035908339236,12,43,72,0,0,7,4233,0,4233,49184900,1711,28746.288720046756,589,4055,0.14525277435265105,53205000,1181,45050.80440304826,2802,656,0.23411848679514632
23003950700,0,7737178413.0,3041,0.3930373370853792,3024,0.005590266359750082,2,7,5,0,2,0,3041,5,3041,31589400,1241,25454.794520547945,397,2988,0.1328647925033467,49822500,995,50072.86432160804,2181,365,0.16735442457588262
23003950900,0,578730724.0,2260,3.9050976668036723,2229,0.013716814159292035,2,10,15,0,1,1,2260,3,2260,28815200,980,29403.26530612245,223,2253,0.0989791389258766,31247500,792,39453.91414141414,1635,264,0.1614678899082569
23003951000,0,367462996.0,3714,10.107140148609686,3616,0.026386645126548196,19,19,12,2,4,34,3714,12,3714,38726300,1471,26326.512576478584,473,3697,0.1279415742493914,41102500,1249,32908.32666132906,2590,562,0.21698841698841698
23003951100,0,280362882.0,2808,10.015591150899924,2753,0.019586894586894586,0,38,6,0,0,11,2808,0,2808,38443300,1088,35333.91544117647,209,2797,0.07472291741151234,42372500,932,45464.055793991414,1959,410,0.20929045431342522
23003951200,0,41131642.0,2586,62.87130477309902,2482,0.04021655065738593,0,59,5,0,19,21,2586,20,2586,36468800,1157,31520.138288677615,295,2586,0.11407579273008507,48617500,780,62330.1282051282,1852,529,0.28563714902807774
23003951300,0,84642270.0,3556,42.01210577173793,3427,0.03627671541057368,14,73,10,0,0,32,3556,0,3556,36902600,1446,25520.470262793915,486,3424,0.1419392523364486,42225000,981,43042.813455657495,2507,556,0.22177901874750697
23003951400,0,79505113.0,2157,27.13033059898928,2083,0.034306907742234584,0,51,7,0,0,12,2157,7,2157,27171200,932,29153.64806866953,232,2157,0.10755679184051924,31572500,659,47909.71168437026,1571,394,0.2507956715467855
23003951600,0,104874356.0,2374,22.63661099382579,2068,0.12889637742207244,96,23,76,0,14,82,2374,76,2374,21942600,777,28240.15444015444,437,2169,0.20147533425541725,21545000,527,40882.35294117647,1282,302,0.23556942277691106
23003951700,0,298275057.0,4828,16.186402069818396,4715,0.02340513670256835,13,34,7,0,0,2,4828,57,4828,52514200,2042,25717.042115572967,754,4822,0.15636665284114476,58260000,1459,39931.45990404386,3308,804,0.2430471584038694
23003951800,0,82504795.0,3738,45.30645764285579,3565,0.04628143392188336,5,0,84,0,21,63,3738,21,3738,44684100,1610,27754.099378881987,588,3716,0.15823466092572658,47402500,966,49070.91097308489,2460,662,0.26910569105691057
23003951900,0,52175181.0,2827,54.18284988795726,2728,0.03501945525291829,0,37,25,0,0,32,2827,10,2827,37295100,1292,28866.176470588234,375,2752,0.13626453488372092,59122500,786,75219.46564885497,2117,871,0.41143127066603685
23003952000,0,62087959.0,2946,47.44881370637421,2704,0.08214528173794976,6,148,29,0,0,36,2946,23,2946,27546700,1057,26061.210974456008,332,2479,0.13392496974586526,25920000,656,39512.19512195122,1715,368,0.21457725947521866
23003952100,0,243342852.0,2845,11.691323482967974,2780,0.022847100175746926,2,27,6,0,1,24,2845,9,2845,26907000,1133,23748.455428067078,400,2762,0.14482259232440262,29340000,872,33646.78899082569,1982,325,0.16397578203834512
23003952300,0,1835151755.0,2508,1.36664447131785,2401,0.04266347687400319,0,57,18,2,5,9,2508,18,2508,26198900,1024,25584.86328125,379,2500,0.1516,27675000,861,32142.85714285714,1771,284,0.1603613777526821
23003952400,0,45815907.0,3946,86.12729199053071,3668,0.07045108971109985,15,217,3,0,4,31,3946,17,3946,35984700,1636,21995.537897310514,693,3689,0.18785578747628084,46637500,976,47784.32377049181,2694,614,0.22791388270230142
23003952500,0,49252196.0,2530,51.368267924540866,2461,0.02727272727272727,0,28,0,0,0,41,2530,0,2530,26717600,1040,25690.0,398,2473,0.16093813182369593,39045000,701,55699.00142653353,1818,430,0.23652365236523654
23003952600,0,503470069.0,3062,6.081791527511837,2979,0.027106466361854997,2,39,11,0,2,25,3062,6,3062,30376800,1201,25292.92256452956,496,3062,0.1619856303069889,33875000,999,33908.90890890891,2103,298,0.1417023300047551
23003952700,0,690275969.0,2589,3.750673812027201,2535,0.02085747392815759,4,21,6,0,0,8,2589,17,2589,29511000,1065,27709.859154929578,324,2585,0.1253384912959381,36667500,918,39942.81045751634,1854,300,0.16181229773462782
23003952900,0,1899875591.0,2978,1.5674710565824623,2915,0.021155137676292814,14,18,0,0,2,22,2978,9,2978,31581500,1158,27272.45250431779,530,2950,0.17966101694915254,33035000,997,33134.40320962889,2058,297,0.14431486880466474
23005000000,0,0.0,0,,0,,0,0,0,0,0,0,0,0,0,0,0,,0,0,,0,0,,0,0,
23005000100,0,685156.0,2285,3335.006918132513,2050,0.10284463894967177,74,22,19,0,35,85,2285,5,2285,32864400,1167,28161.439588688947,506,2275,0.22241758241758242,10842500,304,35666.11842105263,1672,630,0.37679425837320574
23005000200,0,450317.0,2497,5544.9827565914675,2276,0.08850620744893872,49,12,81,0,33,46,2497,16,2497,38843800,1228,31631.75895765472,223,2490,0.0895582329317269,11807500,334,35351.796407185626,1741,805,0.4623779437105112
23005000300,0,1568840.0,3125,1991.9175951658551,2772,0.11296,72,34,67,0,74,44,3125,123,3125,44510600,1712,25999.182242990653,586,2495,0.23486973947895792,7377500,158,46693.037974683546,2181,801,0.3672627235213205
23005000500,0,893284.0,2225,2490.809193940561,1599,0.2813483146067416,69,46,302,0,21,93,2225,116,2225,20512300,854,24019.086651053865,777,2209,0.3517428700769579,8520000,166,51325.301204819276,1224,258,0.2107843137254902
23005000600,0,627653.0,2824,4499.301365563456,2390,0.1536827195467422,183,70,61,0,33,56,2824,64,2824,34929000,1446,24155.60165975104,1093,2799,0.3904966059306895,6675000,126,52976.19047619047,2047,680,0.3321934538348803
23005001000,0,476981.0,2752,5769.621850765544,2384,0.13372093023255813,127,11,64,0,11,100,2752,89,2752,37658800,1532,24581.462140992167,756,2752,0.2747093023255814,4197500,83,50572.2891566265,1836,679,0.3698257080610022
23005001100,1,336820.0,2556,7588.623003384597,2362,0.07589984350547731,65,25,7,0,13,34,2556,63,2556,50266500,1541,32619.402985074626,432,2551,0.1693453547628381,12865000,286,44982.51748251748,2084,937,0.44961612284069097
23005001200,1,169386.0,1496,8831.89874015562,1215,0.18783422459893048,57,6,77,0,10,108,1496,47,1496,21899900,706,31019.68838526912,441,1496,0.2947860962566845,7850000,141,55673.75886524823,957,488,0.509926854754441
23005001300,1,1251056.0,3408,2724.098681433925,3106,0.0886150234741784,79,8,97,0,8,52,3408,66,3408,91141000,1888,48273.83474576271,521,3394,0.1535061873895109,73707500,445,165634.83146067415,2520,1303,0.5170634920634921
23005001500,0,1378491.0,3257,2362.72851980898,3109,0.045440589499539455,39,68,11,0,0,30,3257,0,3257,61341000,1619,37888.20259419395,379,3245,0.11679506933744221,42457500,576,73710.9375,2406,1313,0.5457190357439734
23005001700,0,1944751.0,4496,2311.8640895415406,4223,0.06072064056939502,9,0,168,0,13,78,4496,5,4496,99760700,1891,52755.526176626125,211,4480,0.047098214285714285,154482500,1274,121257.84929356357,3162,1602,0.5066413662239089
23005001800,0,2233876.0,3782,1693.0214568758518,3594,0.04970914859862507,41,21,64,3,0,52,3782,36,3782,86774100,1808,47994.52433628318,183,3772,0.04851537645811241,118692500,1018,116593.81139489195,2859,1563,0.546694648478489
23005001900,0,1675753.0,4334,2586.300009607621,4112,0.05122288878634056,45,4,71,0,13,47,4334,80,4334,83950200,1934,43407.549120992764,296,4322,0.06848681166126794,103487500,1019,101557.89990186457,3070,1609,0.5241042345276873
23005002001,0,3295865.0,3476,1054.6548478168856,3071,0.1165132336018412,82,20,164,0,52,82,3476,31,3476,47544800,1343,35401.93596425912,418,3252,0.12853628536285364,103310000,911,113402.85400658617,2451,871,0.3553651570787434
23005002002,0,8232794.0,2305,279.9778544197753,2137,0.07288503253796096,49,13,46,0,0,60,2305,0,2305,49096200,1012,48514.03162055336,231,2295,0.10065359477124183,74027500,607,121956.34266886326,1659,760,0.45810729355033153
23005002101,0,4917413.0,5717,1162.6031817949804,5485,0.040580724156025885,52,0,6,0,12,137,5717,25,5717,108400000,2178,49770.431588613406,285,5717,0.04985132062270421,218937500,1742,125681.6877152698,3862,1769,0.4580528223718281
23005002102,0,9550305.0,4951,518.4127627337556,4215,0.14865683700262572,217,48,314,0,36,101,4951,63,4951,75063100,1932,38852.536231884056,760,4897,0.15519705942413722,118380000,1167,101439.58868894601,3152,1006,0.31916243654822335
23005002200,0,4590740.0,4394,957.1441641216884,4169,0.0512061902594447,97,0,75,0,11,32,4394,15,4394,73421700,2013,36473.770491803276,218,4178,0.052178075634274776,123695000,1136,108886.44366197183,3298,1228,0.37234687689508794
23005002300,0,2374737.0,3357,1413.6302251575648,2995,0.10783437593089068,45,17,211,0,8,81,3357,0,3357,51265200,1451,35330.94417643005,460,3241,0.14193150262264734,61612500,767,80329.20469361148,2412,769,0.3188225538971808
23005002400,0,11979398.0,1221,101.92498821727102,1170,0.04176904176904177,2,0,22,0,0,25,1221,16,1221,19280300,553,34864.91862567812,88,1219,0.07219031993437244,70110000,409,171418.09290953545,840,485,0.5773809523809523
23005002501,0,11022335.0,3467,314.54315260786393,3452,0.004326507066628208,0,6,5,0,0,4,3467,0,3467,87747800,1486,59049.663526244956,100,3279,0.030497102775236352,273107500,1102,247828.94736842104,2643,1592,0.602345819144911
23005002502,0,65225488.0,6843,104.91297512408033,6667,0.025719713575916996,14,19,38,0,0,64,6843,49,6843,196717000,2470,79642.5101214575,275,6804,0.04041740152851264,451920000,2190,206356.16438356164,4459,2677,0.6003588248486208
23005002600,0,14261986.0,3592,251.85833165170683,3499,0.02589086859688196,0,0,8,0,0,81,3592,35,3592,65005300,1406,46234.21052631579,114,3577,0.03187028235951915,135405000,1218,111169.95073891626,2536,842,0.33201892744479494
23005002700,0,12705643.0,4022,316.5522594960365,3843,0.04450522128294381,39,61,21,0,5,13,4022,72,4022,56109600,1740,32246.896551724138,532,4017,0.13243714214588,80740000,933,86538.04930332261,2771,719,0.2594731143991339
23005002800,0,4397430.0,2977,676.9863306522219,2856,0.04064494457507558,27,16,33,0,28,10,2977,11,2977,38618600,1358,28437.849779086893,285,2948,0.09667571234735414,43940000,560,78464.28571428571,2045,568,0.2777506112469438
23005002900,0,12791858.0,5551,433.9479065511828,5477,0.013330931363718249,16,0,16,0,0,9,5551,42,5551,80830000,2351,34381.114419396,398,5416,0.07348596750369277,104832500,1401,74826.90935046396,3806,1061,0.2787703625853915
23005003000,0,13717375.0,5885,429.0179425728319,5505,0.06457094307561598,8,18,128,10,48,152,5885,75,5885,99211000,2517,39416.36869288836,401,5661,0.07083554142377672,122772500,1289,95246.31497284716,3961,1141,0.28805857106791216
23005003100,1,2823023.0,3748,1327.6547870846252,3560,0.05016008537886873,57,0,36,0,38,30,3748,69,3748,68274000,1626,41988.929889298895,386,3663,0.10537810537810538,84225000,937,89887.9402347919,2577,933,0.3620488940628638
23005003200,1,1575973.0,2999,1902.951383050344,2932,0.022340780260086696,0,0,12,5,0,41,2999,23,2999,52934400,1485,35646.06060606061,267,2969,0.08992926911417985,77745000,793,98039.0920554855,2255,952,0.4221729490022173
23005003300,1,6227168.0,2678,430.0510280114492,2559,0.04443614637789395,0,39,59,0,0,21,2678,0,2678,45482100,1065,42706.19718309859,186,2678,0.06945481702763256,87492500,866,101030.60046189376,1859,585,0.3146853146853147
23005003400,1,4328364.0,4344,1003.6124503392044,4222,0.028084714548802948,19,0,37,0,0,28,4344,38,4344,96360500,1697,56782.85209192693,119,4323,0.027527180198935925,197600000,1526,129488.85976408912,3028,1548,0.5112285336856011
23005003500,0,2290655.0,3670,1602.1618270756617,3531,0.037874659400544956,11,6,25,0,0,77,3670,20,3670,72279200,1652,43752.542372881355,164,3531,0.0464457660719343,115552500,1050,110050.0,2621,1192,0.4547882487600153
23005003701,0,10200735.0,4130,404.8727861276663,4014,0.028087167070217918,12,10,66,0,0,28,4130,0,4130,130324900,1620,80447.46913580247,154,4123,0.03735144312393888,325065000,1396,232854.58452722064,2860,2110,0.7377622377622378
23005003702,0,27835470.0,4938,177.39955531557396,4849,0.018023491292021063,37,0,0,0,0,39,4938,13,4938,128464700,1881,68295.95959595959,126,4804,0.026228143213988343,333400000,1663,200481.0583283223,3455,2115,0.6121562952243126
23005003800,0,37087824.0,7587,204.5684858728838,7450,0.018057203110583894,24,18,9,0,14,44,7587,42,7587,187697400,2880,65172.708333333336,186,7587,0.024515618821668642,448247500,2353,190500.42498937526,5208,2859,0.548963133640553
23005003900,0,86644451.0,9383,108.29314389677418,9183,0.02131514441010338,22,9,42,0,0,111,9383,23,9383,178573800,3591,49728.1537176274,491,9137,0.05373755061836489,355817500,2910,122274.05498281786,6645,2760,0.4153498871331828
23005004001,0,27490062.0,2530,92.03325914652356,2463,0.026482213438735178,21,12,15,0,5,7,2530,12,2530,47770500,932,51255.90128755365,244,2530,0.09644268774703557,68802500,840,81907.73809523809,1644,611,0.37165450121654503
23005004002,0,34522817.0,6515,188.71577021075655,6245,0.04144282425172678,65,25,36,0,11,78,6515,66,6515,103010400,2127,48429.901269393515,422,5394,0.0782350760103819,191802500,1515,126602.3102310231,3605,1611,0.44687933425797505
23005004100,0,68963948.0,5096,73.89368137682605,4962,0.02629513343799058,23,11,0,0,0,48,5096,52,5096,98834500,1809,54634.881149806526,291,5083,0.05724965571512886,175325000,1552,112967.13917525773,3254,1286,0.39520590043023973
23005004200,0,68501164.0,7159,104.50917301200896,6899,0.03631792149741584,42,21,89,8,0,63,7159,46,7159,183819900,2560,71804.6484375,217,7159,0.030311496018997068,473687500,2317,204440.00863185152,4676,2778,0.5940975192472199
23005004401,0,19040276.0,4972,261.1306684840073,4822,0.030168946098149636,44,10,25,0,0,27,4972,44,4972,118427300,2003,59124.96255616575,293,4868,0.06018898931799507,251470000,1416,177591.8079096045,3406,2010,0.5901350557839108
23005004402,0,15531821.0,3388,218.13282550706705,3361,0.007969303423848878,0,0,8,0,0,0,3388,19,3388,113204700,1435,78888.29268292683,72,3376,0.02132701421800948,258445000,1014,254876.7258382643,2506,1799,0.7178770949720671
23005004500,0,89854537.0,7800,86.80696891243232,7548,0.03230769230769231,29,7,67,0,19,58,7800,72,7800,161364600,3082,52357.105775470474,451,7648,0.05896966527196653,358805000,2386,150379.29589270745,5442,2532,0.4652701212789416
23005004600,0,54964700.0,3210,58.401119263818416,3089,0.037694704049844235,0,10,48,0,3,21,3210,42,3210,72524800,1121,64696.520963425515,72,3175,0.02267716535433071,138975000,1013,137191.5103652517,2132,1107,0.5192307692307693
23005004700,0,112216700.0,6820,60.77526785228936,6640,0.026392961876832845,69,0,25,0,6,31,6820,55,6820,131292100,2633,49864.07140144322,175,6776,0.025826446280991736,214675000,2082,103109.99039385206,4705,1718,0.3651434643995749
23005004801,0,31217498.0,6196,198.47843027010046,6090,0.0171078114912847,0,0,40,0,18,48,6196,0,6196,111241800,2434,45703.28677074774,288,6115,0.047097301717089125,239715000,1866,128464.63022508039,4256,1627,0.38228383458646614
23005004802,0,41263884.0,3800,92.09021622879708,3676,0.03263157894736842,0,30,0,0,0,94,3800,30,3800,57886400,1510,38335.3642384106,246,3794,0.06483921982076964,114035000,1237,92186.74211802748,2596,643,0.24768875192604006
23005004803,0,48177973.0,4908,101.87228092804983,4736,0.03504482477587612,30,19,20,0,15,88,4908,55,4908,79289300,1599,49586.80425265791,180,4358,0.04130335016062414,150787500,1346,112026.37444279346,3329,1065,0.3199158906578552
23005010000,0,62643660.0,5239,83.63176736480595,4978,0.04981866768467265,0,26,98,0,6,87,5239,50,5239,108556000,2335,46490.792291220554,290,5219,0.05556620042153669,303355000,1844,164509.2190889371,3932,1907,0.4849949135300102
23005011100,0,36983949.0,5210,140.87192257376302,4687,0.10038387715930902,126,72,32,10,37,110,5210,213,5210,74852800,1859,40265.08875739645,302,4835,0.062461220268872804,81205000,1323,61379.44066515495,3146,919,0.29211697393515573
23005011201,0,27386843.0,7102,259.32160198238256,6727,0.052802027597859756,42,20,114,0,0,111,7102,100,7102,105380300,2772,38015.981240981244,361,6752,0.05346563981042654,277367500,2027,136836.45781943758,4814,2328,0.48358953053593684
23005011202,0,6595514.0,6895,1045.4075300272277,6545,0.050761421319796954,76,30,148,0,13,61,6895,64,6895,85387200,2870,29751.637630662022,794,5788,0.13718037318590187,129480000,1301,99523.44350499616,4042,1559,0.3857001484413657
23005011300,0,50055897.0,1965,39.2561140198926,1887,0.03969465648854962,0,17,23,5,0,29,1965,4,1965,36331100,657,55298.47792998478,92,1926,0.04776739356178609,76660000,557,137630.16157989227,1272,570,0.4481132075471698
23005011500,0,181046857.0,6287,34.72581686408398,6157,0.02067758867504374,3,0,13,0,12,76,6287,38,6287,113048300,2353,48044.3263918402,318,6229,0.05105153315138867,169590000,2028,83624.26035502959,4234,1453,0.34317430325932924
23005012000,0,85987167.0,4299,49.995832517659295,4168,0.03047220283786927,29,41,7,0,0,39,4299,15,4299,89911200,1603,56089.33250155958,173,4277,0.04044891278933832,175210000,1401,125060.67094932191,2940,1253,0.4261904761904762
23005013000,0,80904393.0,3469,42.87777055567304,3376,0.02680887863937734,5,3,5,0,0,35,3469,59,3469,55960100,1324,42265.93655589124,276,3388,0.08146399055489964,105780000,1097,96426.61804922516,2372,661,0.27866779089376054
23005014000,0,82432903.0,3274,39.71715032285106,3274,0.0,0,0,0,0,0,0,3274,0,3274,43743600,1292,33857.275541795665,249,3267,0.07621671258034894,124882500,1082,115418.20702402957,2282,583,0.25547765118317267
23005015000,0,85539394.0,2315,27.063553898920535,2283,0.013822894168466522,10,0,2,0,2,8,2315,12,2315,31406700,909,34550.82508250825,211,2281,0.0925032880315651,60612500,796,76146.3567839196,1590,443,0.27861635220125786
23005016000,0,147164134.0,4883,33.18063897280842,4731,0.0311284046692607,31,0,8,0,0,113,4883,0,4883,59113800,1929,30644.790046656297,750,4780,0.15690376569037656,110152500,1427,77191.6608269096,3292,942,0.2861482381530984
23005016500,0,176321282.0,2723,15.443399509765362,2666,0.02093279471171502,13,6,0,0,0,22,2723,16,2723,36748300,1078,34089.33209647495,227,2717,0.08354803091645197,62065000,931,66664.87647690655,1952,517,0.26485655737704916
23005017000,0,156368263.0,9285,59.37905698933292,8998,0.03091007000538503,73,49,40,0,5,114,9285,11,9285,148084200,3178,46596.66456891126,310,8651,0.03583400762917582,286010000,2812,101710.52631578948,5695,1788,0.31395961369622477
23007990100,0,2178702265.0,2959,1.3581479431747872,2857,0.03447110510307536,11,39,11,0,2,30,2959,11,2959,39354100,1244,31635.128617363345,328,2948,0.1112618724559023,64495000,922,69951.19305856833,2021,614,0.3038099950519545
23007990600,0,1183590651.0,3673,3.1032688513522233,3609,0.0174244486795535,3,16,0,0,0,33,3673,12,3673,41920000,1545,27132.686084142395,484,3640,0.13296703296703297,86827500,1302,66687.78801843317,2673,655,0.2450430228208006
23007991000,0,442462278.0,3850,8.701306736028693,3769,0.021038961038961038,24,6,0,0,10,28,3850,26,3850,44447100,1507,29493.762441937626,588,3810,0.15433070866141732,54867500,1293,42434.26140757927,2572,621,0.24144634525660963
23007991100,0,213234624.0,2467,11.569415668629874,2436,0.01256586947709769,0,6,6,0,4,9,2467,10,2467,31668500,987,32085.612968591693,350,2460,0.14227642276422764,35605000,875,40691.42857142857,1676,454,0.27088305489260145
23007991200,0,144184408.0,7410,51.392519501831295,7253,0.02118758434547908,6,16,80,0,0,37,7410,18,7410,70760500,2810,25181.67259786477,1431,6345,0.225531914893617,95450000,1648,57918.68932038835,4205,1254,0.29821640903686086
23007991300,0,106862176.0,4123,38.582407305649475,3972,0.03662381760853747,10,31,6,0,12,77,4123,45,4123,58170000,1665,34936.93693693694,423,4086,0.10352422907488987,70107500,1298,54011.941448382124,2749,770,0.28010185522008
23007991400,0,125290110.0,4985,39.78765762118016,4901,0.016850551654964893,6,0,13,0,0,54,4985,11,4985,67972600,2014,33750.04965243297,517,4979,0.10383611166900984,98407500,1636,60151.28361858191,3364,758,0.2253269916765755
23009965100,0,1944603349.0,1772,0.9112398170615308,1749,0.012979683972911963,0,0,0,0,6,17,1772,6,1772,20586400,722,28513.019390581718,241,1752,0.1375570776255708,32592500,609,53518.06239737274,1194,238,0.19932998324958123
23009965200,0,166005318.0,1965,11.836970186702091,1937,0.014249363867684479,4,7,6,0,0,3,1965,8,1965,37411500,784,47718.75,126,1962,0.06422018348623854,56842500,689,82500.0,1389,546,0.3930885529157667
23009965300,0,133351525.0,4908,36.80497842075672,4793,0.02343113284433578,16,7,11,5,0,41,4908,35,4908,65539200,2049,31985.944363103954,526,4884,0.1076986076986077,97672500,1511,64640.9662475182,3314,810,0.2444176222088111
23009965400,0,138062457.0,2667,19.317344178511902,2596,0.02662167229096363,2,9,5,0,6,33,2667,22,2667,40306600,1100,36642.36363636364,273,2656,0.10278614457831325,59645000,943,63250.265111346765,1887,521,0.27609962904080554
23009965500,0,205323403.0,6456,31.443079092157845,6278,0.027571251548946716,7,17,8,0,48,86,6456,60,6456,97423500,2767,35209.07119624141,580,6273,0.09245974812689303,173737500,1880,92413.56382978724,4574,1519,0.3320944468736336
23009965600,0,170468481.0,5012,29.40132962174984,4817,0.03890662410215483,38,37,35,0,4,70,5012,15,5012,69363600,2110,32873.74407582938,478,4974,0.09609971853638923,144252500,1701,84804.5267489712,3527,1181,0.33484547774312445
23009965700,0,174553765.0,2845,16.298703153151695,2711,0.047100175746924426,8,12,25,0,7,71,2845,18,2845,34360900,1183,29045.562130177514,393,2821,0.13931230060262317,57095000,952,59973.73949579832,2025,510,0.2518518518518518
23009965800,0,156880598.0,2929,18.67025009682842,2706,0.07613519972686923,38,25,21,2,2,114,2929,55,2929,34708500,1199,28947.873227689743,298,2819,0.10571124512238382,65635000,844,77766.58767772513,2005,526,0.26234413965087283
23009965900,0,109408207.0,4820,44.055195968982474,4718,0.02116182572614108,14,17,51,0,0,14,4820,6,4820,84729900,2137,39648.993916705665,413,4617,0.08945202512453974,203880000,1319,154571.64518574678,3441,1626,0.47253705318221445
23009966000,0,95524569.0,2109,22.078089669266134,2098,0.005215742057847321,6,0,0,0,0,5,2109,6,2109,33288300,955,34856.858638743455,108,2099,0.05145307289185326,132717500,680,195172.79411764705,1583,660,0.4169298799747315
23009966100,0,43195120.0,2094,48.47769840667186,2042,0.024832855778414518,2,4,6,0,16,24,2094,16,2094,29794400,970,30715.876288659794,248,2057,0.12056392805055907,81717500,640,127683.59375,1520,566,0.37236842105263157
23009966200,0,92280399.0,1894,20.524401937187115,1858,0.01900739176346357,12,0,4,0,1,12,1894,7,1894,27328600,815,33532.024539877304,169,1892,0.08932346723044397,68497500,641,106860.3744149766,1354,387,0.2858197932053176
23009966300,0,257576970.0,3751,14.562637335162378,3646,0.027992535323913624,9,10,13,0,7,46,3751,27,3751,49803600,1619,30761.951822112416,518,3728,0.13894849785407726,143480000,1285,111657.58754863813,2688,1085,0.4036458333333333
23009966400,0,123463508.0,2687,21.763515742643566,2619,0.02530703386676591,17,14,0,0,18,19,2687,12,2687,31144000,904,34451.32743362832,198,2067,0.09579100145137881,83017500,726,114349.17355371901,1650,712,0.4315151515151515
23009966500,0,196952558.0,2854,14.490799352806578,2767,0.03048353188507358,4,11,2,0,0,48,2854,22,2854,37442900,1252,29906.4696485623,288,2842,0.10133708655876143,98715000,1059,93215.29745042493,2090,871,0.4167464114832536
23009966600,0,102383833.0,3028,29.574981823546302,2960,0.022457067371202115,2,10,7,0,2,36,3028,11,3028,34532700,1293,26707.424593967517,302,2951,0.10233819044391732,101695000,1053,96576.44824311491,2175,564,0.2593103448275862
23011010100,0,57017088.0,4752,83.34343556794762,4588,0.034511784511784514,0,0,13,0,15,129,4752,31,4752,70949700,2196,32308.60655737705,511,4723,0.10819394452678383,84885000,1551,54729.20696324952,3353,842,0.25111840143155384
23011010200,0,36506607.0,4276,117.12948289059018,4056,0.05144995322731525,27,31,7,0,9,119,4276,54,4276,62082900,1938,32034.52012383901,733,4276,0.17142188961646398,61852500,1066,58022.98311444653,2949,568,0.19260766361478468
23011010300,0,10213269.0,3321,325.16523357996346,3115,0.06202950918398073,24,13,86,0,4,30,3321,49,3321,39864900,1631,24441.99877375843,669,3141,0.21298949379178606,46300000,581,79690.18932874355,2373,651,0.2743362831858407
23011010400,0,5350224.0,2329,435.3088767872149,2263,0.028338342636324603,14,0,0,0,0,28,2329,24,2329,26920700,1141,23593.952673093776,396,2232,0.1774193548387097,32185000,482,66773.85892116182,1707,403,0.23608670181605154
23011010500,0,33708969.0,3882,115.16222878249405,3635,0.06362699639361154,25,13,54,0,0,128,3882,27,3882,51247200,1685,30413.768545994066,387,3606,0.10732113144758736,66232500,979,67653.2175689479,2771,962,0.3471670876939733
23011010600,0,139429664.0,7018,50.333621975880256,6812,0.029353092049016812,41,39,4,0,5,83,7018,41,7018,97607600,2820,34612.624113475176,750,6861,0.10931351114997814,123515000,2287,54007.4333187582,4832,857,0.17735927152317882
23011010700,0,15256086.0,2467,161.70595787150125,2324,0.05796513984596676,13,35,16,0,17,57,2467,14,2467,38012000,1146,33169.284467713784,189,2369,0.07978049810046434,54967500,659,83410.47040971168,1757,845,0.4809334092202618
23011010801,0,55391686.0,2465,44.501263240118746,2424,0.01663286004056795,0,0,5,0,0,33,2465,3,2465,52215400,980,53281.02040816326,61,2461,0.02478667208451849,100270000,851,117826.08695652174,1728,803,0.46469907407407407
23011010802,0,92866369.0,5701,61.389285070465064,5586,0.020171899666725137,43,14,14,0,0,33,5701,17,5701,87057100,2324,37460.025817555936,416,5680,0.07323943661971831,109135000,1832,59571.50655021834,3928,1259,0.3205193482688391
23011010900,0,4270869.0,1802,421.92818370219265,1734,0.03773584905660377,5,26,0,0,10,12,1802,25,1802,22978200,727,31606.87757909216,375,1785,0.21008403361344538,24472500,371,65963.61185983827,1162,283,0.24354561101549052
23011011000,0,36277939.0,4401,121.3133965521029,4249,0.03453760508975233,0,71,19,0,7,55,4401,7,4401,68582600,1775,38638.08450704225,446,4300,0.10372093023255814,75027500,1218,61598.93267651888,3035,733,0.2415156507413509
23011012000,0,96962030.0,3110,32.07441098335091,3013,0.031189710610932477,4,24,23,0,17,24,3110,21,3110,46103200,1190,38742.184873949576,252,3098,0.08134280180761781,56225000,1054,53344.40227703985,2104,533,0.25332699619771865
23011013000,0,88149000.0,3785,42.93866067680859,3717,0.01796565389696169,18,0,15,0,11,24,3785,17,3785,55799600,1439,38776.65045170257,347,3765,0.09216467463479415,81485000,1211,67287.36581337737,2505,650,0.25948103792415167
23011014000,0,80860331.0,6232,77.07116608266172,6127,0.016848523748395378,0,29,51,0,0,17,6232,8,6232,95534900,2504,38152.91533546326,564,6043,0.09333112692371338,162517500,1898,85625.65858798736,4438,1528,0.34429923388913924
23011014500,0,125345457.0,2152,17.16855202817602,2099,0.02462825278810409,6,5,7,0,0,28,2152,7,2152,36889300,884,41729.97737556561,163,2149,0.07584923220102373,68027500,788,86329.31472081218,1534,621,0.4048239895697523
23011015000,0,75657874.0,2360,31.193052027869562,2321,0.01652542372881356,0,5,0,0,0,20,2360,14,2360,40994600,865,47392.601156069366,122,2360,0.051694915254237285,59672500,764,78105.3664921466,1543,786,0.509397278029812
23011015500,0,226704081.0,3031,13.369851952510727,2961,0.023094688221709007,7,17,10,0,0,20,3031,17,3031,49638900,1199,41400.25020850709,264,3016,0.08753315649867374,67782500,1049,64616.3012392755,2086,729,0.3494726749760307
23011016000,0,111983901.0,2978,26.593108236156194,2954,0.008059100067159167,0,0,6,0,0,14,2978,4,2978,49332400,1183,41701.0989010989,283,2953,0.09583474432780223,88030000,1008,87331.3492063492,2054,642,0.31256085686465435
23011017000,0,109418587.0,3514,32.115201780114376,3437,0.021912350597609563,8,8,10,8,5,26,3514,20,3514,55950100,1304,42906.518404907976,258,3469,0.07437301816085327,78595000,1149,68402.9590948651,2335,631,0.2702355460385439
23011018000,0,114649286.0,4047,35.29895511080636,3992,0.013590313812700766,0,9,5,0,0,41,4047,0,4047,53231000,1541,34543.15379623621,426,4014,0.10612855007473841,68055000,1229,55374.28803905614,2684,674,0.2511177347242921
23011019000,0,89742067.0,2204,24.55927385759902,2177,0.012250453720508167,0,0,9,0,4,8,2204,14,2204,30147000,839,35932.06197854589,207,2189,0.09456372772955687,33572500,725,46306.89655172414,1473,349,0.23693143245078072
23011020000,0,129187862.0,4106,31.783171703855583,4054,0.012664393570384803,0,13,13,0,0,12,4106,20,4106,65518900,1538,42600.065019505855,151,4068,0.03711897738446411,102085000,1295,78830.11583011583,2744,901,0.32835276967930027
23011020500,0,127527704.0,1977,15.502513869456946,1931,0.02326757713707638,0,6,12,0,4,22,1977,8,1977,23866300,727,32828.47317744154,242,1951,0.12403895438236802,28525000,647,44088.09891808346,1315,274,0.20836501901140683
23011021000,0,113631606.0,3340,29.393230612264688,3227,0.033832335329341316,26,0,5,0,0,27,3340,55,3340,40098200,1286,31180.559875583203,435,3334,0.13047390521895622,44617500,1052,42412.07224334601,2167,311,0.1435163820950623
23011022000,0,73590953.0,2557,34.74611886056157,2505,0.02033633163863903,8,0,0,0,8,19,2557,17,2557,37758600,1023,36909.67741935484,261,2549,0.10239309533150255,39612500,879,45065.41524459613,1770,437,0.24689265536723165
23011023001,0,12583006.0,3647,289.8353541276226,3527,0.03290375651220181,28,6,0,0,0,72,3647,14,3647,47750600,1647,28992.471159684275,287,3633,0.0789980732177264,78922500,1025,76997.56097560975,2536,789,0.3111198738170347
23011023002,0,82773804.0,4096,49.484254704543964,4066,0.00732421875,9,0,0,0,0,21,4096,0,4096,62157700,1614,38511.58612143742,248,4046,0.06129510627780524,96355000,1422,67760.19690576653,2856,808,0.28291316526610644
23011024101,0,7621349.0,4437,582.1803987719234,4287,0.03380662609871535,4,0,78,0,16,31,4437,37,4437,52300200,1821,28720.593080724877,766,4301,0.17809811671704254,65655000,880,74607.95454545454,2973,766,0.25765220316178944
23011024102,0,3475819.0,4476,1287.7540516350248,4278,0.04423592493297587,22,28,44,0,0,104,4476,0,4476,50924300,2210,23042.66968325792,1252,4461,0.2806545617574535,40630000,695,58460.43165467626,3024,719,0.23776455026455026
23011024200,0,24081620.0,6692,277.8882816023174,6383,0.046174536760310816,44,13,116,0,33,76,6692,60,6692,65899500,2205,29886.39455782313,576,4773,0.12067881835323696,107352500,1482,72437.58434547909,3699,1231,0.3327926466612598
23011025000,0,66477250.0,5959,89.63968876570556,5794,0.027689209598925995,43,52,32,0,0,20,5959,26,5959,85233800,2356,36177.33446519524,600,5928,0.10121457489878542,108505000,1818,59683.71837183718,3927,1041,0.26508785332314744
23013970100,0,133312759.0,1746,13.097020968563106,1717,0.016609392898052692,5,5,14,0,0,5,1746,0,1746,27808200,778,35743.18766066838,158,1740,0.09080459770114943,71547500,579,123570.81174438687,1220,314,0.2573770491803279
23013970200,0,47201974.0,5254,111.30890415727104,5187,0.012752188808526837,0,29,14,0,0,0,5254,24,5254,86618700,2386,36302.89186923722,403,5022,0.08024691358024691,284135000,1653,171890.50211736237,3980,2028,0.5095477386934674
23013970300,0,323391191.0,6135,18.97083213995152,6032,0.016788916055419722,1,16,0,0,2,53,6135,32,6135,82266300,2361,34843.8373570521,571,6087,0.0938064728109085,114167500,2052,55637.183235867444,4216,1199,0.284392789373814
23013970400,0,148801058.0,7542,50.68512348883971,7306,0.031291434632723415,24,45,13,11,0,97,7542,63,7542,91979800,2775,33145.873873873876,657,6791,0.09674569282874393,148740000,2118,70226.62889518414,5243,1170,0.22315468243372116
23013970500,0,56081139.0,3209,57.22066379571927,3169,0.012464942349641633,8,0,28,0,0,4,3209,0,3209,57910800,1382,41903.61794500724,228,3192,0.07142857142857142,180462500,1094,164956.58135283363,2350,1198,0.5097872340425532
23013970600,0,4980025.0,2888,579.916767486107,2788,0.03462603878116344,16,15,0,0,13,20,2888,49,2888,31106500,1287,24169.77466977467,431,2814,0.15316275764036957,39867500,711,56072.43319268636,1988,446,0.2243460764587525
23013970700,0,28298825.0,4721,166.8267145367343,4616,0.022241050624867614,0,29,14,0,13,38,4721,24,4721,57543300,2157,26677.468706536856,654,4565,0.14326396495071195,93187500,1150,81032.60869565218,3372,897,0.26601423487544484
23013970800,0,51355552.0,3017,58.747299610371236,2955,0.020550215445807093,10,0,16,3,6,25,3017,6,3017,47666400,1316,36220.66869300912,242,3007,0.08047888260724975,135750000,1084,125230.62730627306,2223,674,0.30319388214125054
23013970900,0,66058908.0,2580,39.056049791195456,2549,0.012015503875968992,5,13,5,0,0,6,2580,2,2580,36274000,1123,32300.97951914515,221,2564,0.08619344773790952,130057500,953,136471.66841552992,1919,717,0.37363210005211045
23013971000,0,86209980.0,2526,29.300551977856856,2499,0.010688836104513063,2,0,5,2,7,9,2526,8,2526,35848800,1043,34370.85330776606,300,2510,0.11952191235059761,98560000,897,109877.36900780379,1792,456,0.2544642857142857
23015000000,0,0.0,0,,0,,0,0,0,0,0,0,0,0,0,0,0,,0,0,,0,0,,0,0,
23015975100,0,316146957.0,5171,16.35631748307481,5056,0.022239412105975635,0,16,9,0,33,34,5171,36,5171,73041700,1983,36833.938477054966,677,5064,0.13368878357030015,89417500,1747,51183.45735546651,3573,1007,0.28183599216344807
23015975200,0,185179527.0,4916,26.54721112879827,4863,0.010781122864117169,0,11,24,0,0,18,4916,0,4916,57340300,1987,28857.725213890288,618,4794,0.12891113892365458,104117500,1625,64072.307692307695,3327,823,0.24737000300571085
23015975300,0,81502656.0,3667,44.992398775323345,3624,0.011726206708481048,5,0,20,0,0,15,3667,3,3667,52333700,1626,32185.547355473554,362,3658,0.0989611809732094,127770000,1259,101485.30579825258,2660,1034,0.3887218045112782
23015975400,0,176186605.0,3513,19.939086742718043,3454,0.016794762311414746,7,7,18,0,0,12,3513,17,3513,53445400,1450,36858.89655172414,212,3504,0.06050228310502283,121952500,1245,97953.81526104418,2524,1123,0.4449286846275753
23015975500,0,165484385.0,5973,36.09403993011183,5795,0.029800770132261845,11,22,19,0,28,90,5973,55,5973,87402300,2440,35820.61475409836,701,5942,0.11797374621339617,170677500,1963,86947.27457972491,4119,1166,0.2830784170915271
23015975600,0,134402803.0,3426,25.490539806673524,3361,0.018972562755399883,7,0,31,0,0,20,3426,7,3426,50697900,1530,33135.882352941175,240,3411,0.07036059806508356,162470000,1355,119904.05904059041,2590,785,0.3030888030888031
23015975700,0,33964028.0,900,26.49862377925257,891,0.01,0,3,2,0,0,2,900,2,900,15149800,408,37131.86274509804,67,899,0.07452725250278086,61672500,363,169896.69421487604,704,303,0.4303977272727273
23015975800,0,56816266.0,2960,52.09775665299793,2948,0.004054054054054054,0,0,0,0,3,9,2960,3,2960,45599300,1255,36334.10358565737,203,2949,0.0688368938623262,162140000,1113,145678.34681042228,2176,798,0.36672794117647056
23015975900,0,14747692.0,2334,158.262052123139,2252,0.03513281919451585,0,35,2,0,4,30,2334,22,2334,31509100,1108,28437.815884476535,246,2292,0.10732984293193717,101295000,773,131041.39715394567,1796,666,0.37082405345211583
23015976000,0,13930571.0,677,48.598151504342496,666,0.01624815361890694,0,2,2,0,0,7,677,2,677,10018500,337,29728.486646884274,46,677,0.06794682422451995,69290000,287,241428.57142857142,566,269,0.4752650176678445
23015976100,0,2202210.0,79,35.873054794955976,79,0.0,0,0,0,0,0,0,79,0,79,1349800,46,29343.478260869564,3,79,0.0379746835443038,3300000,29,113793.10344827586,59,21,0.3559322033898305
23017995100,0,1986994388.0,1526,0.767994116750369,1494,0.020969855832241154,14,6,2,0,0,10,1526,0,1526,22255900,651,34187.25038402458,156,1520,0.10263157894736842,33397500,556,60067.446043165466,1103,290,0.2629193109700816
23017995400,0,305783898.0,3464,11.328261633972629,3427,0.010681293302540416,0,7,7,0,0,23,3464,0,3464,42292100,1524,27750.721784776902,513,3445,0.14891146589259796,48352500,1103,43837.262012692656,2440,344,0.14098360655737704
23017995500,0,86276254.0,2359,27.342401769089328,2284,0.0317931326833404,3,7,11,0,0,25,2359,36,2359,30978300,1071,28924.649859943976,376,2357,0.15952481968604157,26140000,563,46429.84014209591,1613,235,0.14569125852448853
23017995600,0,91255319.0,4113,45.07134537549532,3946,0.040602966204716755,6,59,28,0,41,18,4113,62,4113,45375300,1804,25152.60532150776,647,3981,0.16252197940216026,71727500,1187,60427.548441449035,2910,510,0.17525773195876287
23017995700,0,181694893.0,3635,20.006065883205643,3607,0.007702888583218707,0,5,0,2,1,11,3635,10,3635,41260100,1393,29619.597989949747,490,3519,0.13924410343847685,51677500,1111,46514.401440144014,2513,428,0.17031436530043773
23017995800,0,349734893.0,3332,9.527216376434021,3249,0.02490996398559424,3,19,0,0,6,36,3332,36,3332,44285900,1288,34383.46273291925,305,3309,0.09217286189181022,49650000,1163,42691.31556319862,2254,450,0.19964507542147295
23017995900,0,223755277.0,2785,12.446633828439273,2725,0.02154398563734291,0,6,16,0,0,7,2785,35,2785,38501400,1191,32326.952141057933,288,2779,0.10363440086362001,69805000,878,79504.55580865603,1960,580,0.29591836734693877
23017996000,0,627962648.0,3167,5.0432935941119865,3086,0.02557625513103884,0,24,29,0,0,20,3167,8,3167,45174700,1283,35210.21044427124,318,3129,0.10162991371045062,62622500,1106,56620.70524412297,2231,584,0.26176602420439266
23017996100,0,62783124.0,1722,27.427752719026852,1681,0.023809523809523808,0,2,0,2,0,28,1722,9,1722,17740900,646,27462.693498452012,264,1605,0.16448598130841122,23245000,488,47633.19672131148,1178,152,0.12903225806451613
23017996200,0,105601609.0,4793,45.38756601710491,4702,0.018986021281034843,0,27,23,0,6,15,4793,33,4793,57363700,1989,28840.47259929613,465,4577,0.10159493117762727,76090000,1331,57167.54320060105,3378,753,0.22291296625222023
23017996300,0,155295567.0,2776,17.87559074368169,2698,0.028097982708933718,0,7,0,0,2,29,2776,42,2776,42293100,1058,39974.574669187146,190,2757,0.06891548784911135,43512500,877,49615.165336374004,1829,465,0.2542372881355932
23017996400,0,203680082.0,5520,27.10132451733793,5281,0.043297101449275364,15,7,70,0,7,135,5520,16,5520,73553800,2063,35653.80513814833,419,5446,0.07693720161586486,102365000,1813,56461.66574738003,3696,841,0.22754329004329005
23017996500,0,116949669.0,4611,39.42721719032826,4544,0.014530470613749728,0,11,18,0,0,31,4611,18,4611,55787100,1985,28104.332493702772,570,4488,0.1270053475935829,81102500,1368,59285.45321637427,3250,688,0.21169230769230768
23017996600,0,316997859.0,2753,8.684601242054445,2713,0.01452960406828914,0,9,6,0,0,10,2753,15,2753,32319000,1116,28959.677419354837,376,2739,0.13727637824023367,71085000,946,75142.70613107823,1930,485,0.25129533678756477
23017996700,0,151060140.0,3083,20.40909004850651,2959,0.040220564385338956,12,4,21,0,0,59,3083,28,3083,40800500,1240,32903.62903225807,350,3014,0.11612475116124751,72390000,959,75484.88008342023,2148,592,0.2756052141527002
23017996800,0,234657402.0,2255,9.6097543941955,2213,0.01862527716186253,0,2,9,0,0,18,2255,13,2255,30936100,922,33553.25379609544,218,2238,0.09740840035746202,65935000,823,80115.43134872417,1604,435,0.27119700748129677
23017996900,0,178827133.0,2861,15.998690757962327,2773,0.030758476057322615,0,13,13,0,0,37,2861,25,2861,34936400,1097,31847.219690063812,408,2831,0.14411868597668667,47605000,904,52660.398230088496,1892,382,0.20190274841437633
23019000200,0,1730076.0,3484,2013.784365542323,3269,0.061710677382319175,38,31,17,0,27,83,3484,51,3484,42375900,1944,21798.302469135804,630,3443,0.18297995933778682,19832500,407,48728.50122850123,2406,848,0.35245220282626766
23019000300,0,7829623.0,4257,543.7043392766166,4065,0.04510218463706836,66,33,70,0,5,14,4257,4,4257,66267700,1773,37376.029328821205,369,3861,0.09557109557109557,89132500,1044,85375.95785440614,3080,1160,0.37662337662337664
23019000400,0,1364928.0,2538,1859.4387396258264,2461,0.030338849487785657,6,7,0,0,0,28,2538,36,2538,43165400,1070,40341.495327102806,257,2523,0.10186286167261197,50802500,544,93386.94852941176,1725,735,0.4260869565217391
23019000500,0,2180441.0,3813,1748.728812199,3708,0.02753737214791503,33,24,0,6,0,26,3813,16,3813,54857600,1749,31365.122927387078,667,3655,0.18248974008207935,60912500,833,73124.24969987995,2628,924,0.3515981735159817
23019000600,0,758859.0,2367,3119.1565231485692,2168,0.08407266582171526,65,47,21,0,0,56,2367,24,2367,29301100,1144,25612.84965034965,563,2312,0.2435121107266436,18000000,317,56782.33438485804,1503,452,0.30073186959414505
23019000700,0,17495083.0,3069,175.42071678082348,2972,0.03160638644509612,0,12,15,0,37,25,3069,36,3069,59105700,1287,45925.17482517483,245,2981,0.08218718550821871,68320000,858,79627.03962703963,2140,912,0.4261682242990654
23019000900,0,17731920.0,5949,335.4966636438694,5480,0.07883677929063708,48,58,169,10,40,103,5949,75,5949,65473100,2187,29937.4028349337,1640,5664,0.2895480225988701,59755000,814,73409.09090909091,3262,923,0.28295524218271
23019001000,0,1111222.0,879,791.0210560986014,831,0.05460750853242321,8,16,8,0,0,16,879,5,879,6048300,262,23085.114503816792,82,423,0.1938534278959811,1740000,26,66923.07692307692,357,112,0.3137254901960784
23019001100,0,38529875.0,5117,132.80603687398417,4923,0.037912839554426425,16,16,145,0,0,0,5117,17,5117,99253100,2322,42744.65977605512,497,4897,0.10149070859710027,119245000,1663,71704.75045099219,3746,1342,0.3582487987186332
23019002000,0,98262163.0,6327,64.38897543910161,6187,0.02212739054844318,18,46,14,0,27,27,6327,8,6327,139824200,2438,57352.00984413454,218,6242,0.03492470362063441,192507500,1917,100421.23109024517,4222,2012,0.4765513974419706
23019003000,0,64726304.0,3560,55.00082315838704,3463,0.027247191011235954,0,10,6,9,0,35,3560,37,3560,58008700,1405,41287.330960854095,153,3544,0.04317155756207675,105280000,1232,85454.54545454546,2497,716,0.2867440929114938
23019004100,0,1532429.0,1867,1218.32724387231,1798,0.036957686127477234,26,6,0,0,0,30,1867,7,1867,25645100,916,27996.83406113537,324,1867,0.1735404392072844,17617500,319,55227.27272727273,1239,365,0.29459241323648105
23019004200,0,16448066.0,2511,152.6623251633353,2405,0.04221425726802071,9,6,46,6,10,29,2511,25,2511,39091800,971,40259.32028836251,164,2390,0.06861924686192468,73255000,765,95758.16993464052,1802,635,0.3523862375138735
23019004300,0,21475216.0,4573,212.9431433891049,4509,0.013995189153728407,0,0,35,0,8,7,4573,14,4573,71633700,1992,35960.69277108434,435,4560,0.09539473684210527,114650000,1265,90632.41106719368,3248,1189,0.36607142857142855
23019005000,0,7840953.0,1744,222.4219428429172,1723,0.012041284403669725,0,6,6,0,0,6,1744,3,1744,35155600,721,48759.50069348128,133,1741,0.07639287765651924,54325000,566,95980.56537102473,1208,564,0.46688741721854304
23019006100,0,5424942.0,2443,450.32739520533124,2283,0.06549324600900532,50,0,0,0,0,33,2443,90,2443,33150600,1071,30952.941176470587,711,2443,0.29103561195251737,28577500,425,67241.17647058824,1355,642,0.4738007380073801
23019006200,0,38154455.0,2428,63.63608129116246,2309,0.04901153212520593,0,0,59,28,5,27,2428,0,2428,43534000,1027,42389.483933787735,199,2325,0.08559139784946236,76340000,736,103722.82608695653,1678,974,0.5804529201430274
23019006300,0,3526454.0,4241,1202.6245060902538,3883,0.08441405328931856,59,62,116,0,17,68,4241,47,4241,10639400,600,17732.333333333332,601,1271,0.47285601888276946,16170000,123,131463.41463414635,682,370,0.5425219941348973
23019007100,0,14537034.0,5166,355.3682271087761,4939,0.04394115369725126,46,77,54,0,26,21,5166,9,5166,61806500,2291,26977.957223919686,1041,5125,0.2031219512195122,85575000,1264,67701.74050632911,3285,862,0.2624048706240487
23019007200,0,86097809.0,2967,34.46080724307398,2752,0.07246376811594203,50,69,52,0,0,26,2967,18,2967,35115500,1106,31750.0,421,2741,0.1535935789857716,42312500,788,53696.06598984772,1723,539,0.3128264654672084
23019008001,0,246438653.0,4194,17.018434198307357,4064,0.030996661897949453,8,45,0,0,25,45,4194,25,4194,61502700,1649,37296.96785930867,432,4173,0.10352264557872035,70535000,1379,51149.38361131254,2833,648,0.22873279209318742
23019008002,0,19520890.0,559,28.63598944515337,82,0.853309481216458,0,415,35,8,0,19,559,0,559,6036300,235,25686.382978723403,127,559,0.22719141323792486,7932500,125,63460.0,351,63,0.1794871794871795
23019009000,0,235277070.0,5622,23.895231269243535,5465,0.02792600498043401,5,62,10,1,10,61,5622,10,5622,99169500,2273,43629.34447866256,385,5567,0.06915753547691755,136132500,1938,70243.8080495356,3966,1219,0.30736258194654564
23019010000,0,92893197.0,4437,47.76453113138091,4373,0.014424160468785216,0,33,5,0,0,26,4437,0,4437,76229900,1666,45756.2424969988,293,4436,0.06605049594229036,107857500,1400,77041.07142857143,2962,948,0.3200540175557056
23019011000,0,94612249.0,2416,25.53580562280049,2376,0.016556291390728478,0,0,0,0,4,29,2416,11,2416,32636600,933,34980.278670953914,274,2408,0.11378737541528239,36910000,821,44957.36906211937,1628,340,0.20884520884520885
23019012000,0,80306877.0,1394,17.358413775696942,1354,0.028694404591104734,7,6,2,0,3,17,1394,6,1394,21863700,551,39680.036297640654,82,1387,0.05912040374909877,20987500,468,44845.08547008547,974,267,0.2741273100616016
23019012500,0,170989643.0,2322,13.579769857756823,2280,0.01808785529715762,1,4,0,0,3,23,2322,14,2322,30814000,890,34622.47191011236,372,2298,0.1618798955613577,29620000,776,38170.1030927835,1555,321,0.20643086816720257
23019013000,0,76407779.0,3017,39.48550840615325,2911,0.03513423931057342,0,5,0,0,0,60,3017,41,3017,34497000,1269,27184.397163120568,382,3013,0.12678393627613674,48712500,916,53179.58515283843,2044,443,0.21673189823874756
23019013500,0,154876704.0,1993,12.868300709705187,1956,0.018564977420973405,4,2,0,0,0,29,1993,2,1993,23321900,769,30327.568270481144,349,1959,0.17815211842776926,22302500,678,32894.54277286136,1339,261,0.19492158327109785
23019014000,0,100175076.0,2145,21.412511830787132,2069,0.035431235431235435,15,10,0,0,9,35,2145,19,2145,22960200,846,27139.71631205674,413,2113,0.19545669663984855,26930000,697,38637.01578192253,1463,275,0.18796992481203006
23019015000,0,90382650.0,3890,43.039233746742326,3802,0.02262210796915167,13,0,35,0,12,0,3890,34,3890,37352000,1618,23085.290482076638,681,3826,0.17799268165185572,53020000,1163,45588.993981083404,2687,428,0.1592854484555266
23019015500,0,198034589.0,1987,10.033600746382744,1957,0.01509813789632612,0,17,0,0,0,11,1987,2,1987,21932300,762,28782.54593175853,339,1978,0.17138523761375127,18925000,710,26654.929577464787,1343,230,0.1712583767684289
23019016000,0,105031183.0,1397,13.300811817001053,1356,0.02934860415175376,12,10,0,0,3,16,1397,12,1397,15724100,436,36064.449541284404,118,1125,0.10488888888888889,12182500,352,34609.375,916,185,0.2019650655021834
23019017000,0,104299270.0,2511,24.07495277771359,2481,0.011947431302270013,0,20,0,0,0,10,2511,0,2511,33446600,951,35169.926393270245,196,2459,0.07970719804798698,32500000,807,40272.614622057,1675,327,0.19522388059701493
23019018000,0,77850598.0,2171,27.88674789627178,2088,0.03823122984799632,5,24,4,0,1,33,2171,17,2171,31331700,788,39761.04060913705,227,2147,0.10572892408011178,29772500,694,42899.85590778098,1394,325,0.23314203730272598
23019019000,0,43391685.0,1171,26.98673720552682,1130,0.035012809564474806,0,13,1,0,4,20,1171,5,1171,15382500,471,32659.23566878981,103,1162,0.08864027538726334,16060000,413,38886.1985472155,813,148,0.1820418204182042
23019020000,0,70412636.0,3964,56.296713561469275,3901,0.015893037336024218,10,19,7,0,0,21,3964,18,3964,59829600,1472,40645.108695652176,434,3953,0.10979003288641538,76292500,1313,58105.483625285604,2667,662,0.24821897262842144
23019020500,0,204151473.0,2579,12.632776840165144,2495,0.032570763861962,11,10,6,0,19,31,2579,22,2579,31373500,948,33094.40928270042,349,2542,0.13729346970889064,30105000,813,37029.52029520295,1688,331,0.19609004739336494
23019021500,0,396097710.0,1914,4.832141039139055,1881,0.017241379310344827,0,2,10,0,0,16,1914,5,1914,24197900,742,32611.725067385443,253,1894,0.13357972544878563,19652500,628,31293.789808917198,1228,199,0.16205211726384364
23019022500,0,172789525.0,1862,10.776116202645966,1794,0.036519871106337275,16,22,2,0,2,26,1862,0,1862,22760400,688,33081.976744186046,242,1854,0.13052858683926646,26605000,614,43330.618892508144,1184,168,0.14189189189189189
23019024500,0,862945359.0,2233,2.587649353126656,2207,0.011643528884908196,0,9,0,0,3,6,2233,11,2233,25954000,848,30606.132075471698,288,2219,0.12978819287967552,27652500,766,36099.86945169713,1537,238,0.15484710474951205
23019025500,0,848470841.0,1977,2.330074181064285,1918,0.029843196762771876,7,8,6,0,0,38,1977,0,1977,17657700,801,22044.569288389514,360,1960,0.1836734693877551,21585000,683,31603.221083455344,1408,146,0.10369318181818182
23019026500,0,332152804.0,2300,6.924523810432743,2264,0.01565217391304348,3,12,5,0,0,9,2300,7,2300,28857200,902,31992.461197339246,281,2290,0.12270742358078603,27265000,781,34910.37131882202,1563,158,0.10108765195137556
23019027000,0,175663156.0,5221,29.721656600545195,5122,0.01896188469641831,6,34,8,0,0,44,5221,7,5221,58549500,2105,27814.489311163896,873,5132,0.1701091192517537,103330000,1658,62322.07478890229,3586,729,0.20329057445621862
23019028000,0,71832254.0,1616,22.496857748609695,1580,0.022277227722772276,2,0,4,0,2,28,1616,4,1616,21356900,615,34726.666666666664,216,1600,0.135,27302500,518,52707.52895752896,1091,223,0.20439963336388633
23019028500,0,244752964.0,1490,6.087771014695455,1443,0.03154362416107383,0,15,0,0,2,25,1490,9,1490,16818800,611,27526.677577741408,183,1443,0.12681912681912683,22092500,448,49313.61607142857,1051,110,0.10466222645099905
23019029000,0,3036657882.0,2206,0.7264565472048129,2166,0.01813236627379873,0,9,5,0,2,11,2206,13,2206,24743400,931,26577.228786251344,351,2153,0.1630283325592197,34150000,769,44408.322496749024,1619,253,0.15626930203829525
23019030000,0,28452614.0,5203,182.86544779330293,5124,0.015183547953103978,13,23,13,0,0,30,5203,0,5203,61154400,2306,26519.68777103209,758,5130,0.14775828460038987,77172500,1713,45051.079976649155,3852,661,0.17159916926272067
23019031000,0,18376959.0,1828,99.47238822266513,1795,0.018052516411378557,0,0,7,0,4,12,1828,14,1828,22097000,783,28220.94508301405,245,1817,0.13483764446890478,31317500,595,52634.4537815126,1302,283,0.217357910906298
23021960300,0,8095055198.0,2178,0.26905313759171234,2158,0.009182736455463728,2,6,3,0,2,5,2178,2,2178,26550100,988,26872.570850202428,286,2153,0.13283790060380865,48767500,716,68111.03351955308,1598,362,0.2265331664580726
23021960400,0,669526796.0,1232,1.8401055900382515,1204,0.022727272727272728,0,9,0,0,6,13,1232,6,1232,13293400,543,24481.399631675875,189,1232,0.1534090909090909,24642500,462,53338.74458874459,912,210,0.23026315789473684
23021960500,0,424855789.0,1708,4.020187659488382,1682,0.01522248243559719,11,0,0,0,0,15,1708,6,1708,18379500,707,25996.463932107497,234,1703,0.13740458015267176,26015000,627,41491.228070175435,1237,249,0.20129345189975748
23021960600,0,189798615.0,2801,14.757747310221415,2737,0.02284898250624777,0,11,11,0,13,29,2801,2,2801,30104400,1207,24941.507870753936,395,2779,0.14213745951781218,41337500,916,45128.2751091703,1985,363,0.18287153652392948
23021960700,0,175618654.0,4211,23.978090619006796,4032,0.04250771788173831,0,35,17,0,0,82,4211,51,4211,47551000,1668,28507.79376498801,644,4069,0.15826984517080364,55185000,1271,43418.568056648306,2897,697,0.24059371763893683
23021960800,0,484635833.0,3803,7.847129207220631,3729,0.019458322377070732,23,24,4,3,0,15,3803,8,3803,36705100,1583,23187.04990524321,599,3773,0.1587596077391996,45215000,1302,34727.342549923196,2657,448,0.16861121565675574
23021960900,0,219849537.0,1302,5.92223216735726,1272,0.02304147465437788,0,10,0,2,2,8,1302,10,1302,13334300,576,23149.82638888889,175,1302,0.13440860215053763,19415000,485,40030.927835051545,954,122,0.1278825995807128
23023000000,0,0.0,0,,0,,0,0,0,0,0,0,0,0,0,0,0,,0,0,,0,0,,0,0,
23023980100,0,78758822.0,3298,41.87467405238743,3244,0.01637355973317162,0,0,6,0,33,15,3298,49,3298,43293900,1290,33561.16279069767,448,3298,0.13583990297149787,61122500,977,62561.41248720573,2198,556,0.2529572338489536
23023980200,0,207535138.0,5339,25.725764087236158,5232,0.02004120621839296,8,5,12,0,0,62,5339,20,5339,85155700,2025,42052.1975308642,568,5301,0.1071495944161479,101585000,1751,58015.41976013706,3570,1058,0.29635854341736695
23023980301,0,63130898.0,4655,73.73568486226823,4351,0.0653061224489796,34,52,19,0,27,76,4655,192,4655,74951000,1733,43249.27870744374,227,4637,0.048954065128315724,107552500,1171,91846.7122117848,2991,1033,0.34536944165830824
23023980302,0,20094413.0,4445,221.20576500542714,4265,0.04049493813273341,36,7,9,0,18,57,4445,90,4445,79460200,1712,46413.668224299065,144,4367,0.03297458209297,127000000,1261,100713.7192704203,3009,1263,0.419740777666999
23023980400,0,159086874.0,4307,27.073258099219426,4243,0.014859530996052937,0,0,16,0,0,34,4307,24,4307,75177500,1756,42811.78815489749,244,4298,0.05677059097254537,135187500,1471,91901.76750509857,3052,1092,0.3577981651376147
23023980500,0,17113720.0,5761,336.63049296120306,5462,0.05190071168199965,49,12,46,0,28,142,5761,64,5761,80409900,2510,32035.816733067728,615,5617,0.10948905109489052,143052500,1414,101168.67043847241,3913,1160,0.2964477383082034
23023980600,0,6474610.0,3505,541.3453474417764,3257,0.07075606276747504,89,0,88,0,13,45,3505,52,3505,54241800,1537,35290.696161353284,458,3505,0.13067047075606278,69475000,785,88503.1847133758,2317,728,0.31419939577039274
23023980700,0,104816034.0,3904,37.24620986899772,3801,0.026383196721311477,13,23,18,2,2,32,3904,22,3904,66180500,1596,41466.478696741855,310,3886,0.0797735460627895,162510000,1339,121366.69156086631,2812,957,0.3403271692745377
23025985300,0,7543274317.0,2314,0.3067633368158206,2218,0.04148660328435609,3,22,3,0,5,27,2314,55,2314,27867200,972,28669.958847736627,275,2268,0.12125220458553791,36965000,779,47451.86136071887,1612,323,0.20037220843672457
23025985600,0,315105865.0,1887,5.988463591434581,1850,0.0196078431372549,2,14,0,4,0,7,1887,10,1887,18940200,765,24758.43137254902,396,1872,0.21153846153846154,18282500,667,27410.044977511243,1345,145,0.10780669144981413
23025985700,0,229306084.0,2780,12.123533538691454,2753,0.009712230215827337,1,12,9,0,0,5,2780,0,2780,29229700,1093,26742.63494967978,457,2762,0.16545981173062999,36532500,943,38740.7211028632,1929,276,0.14307931570762053
23025985800,0,156448276.0,2769,17.699140385541867,2701,0.024557602022390754,0,11,10,0,2,29,2769,18,2769,30717300,1098,27975.683060109288,441,2758,0.1598984771573604,24202500,925,26164.864864864863,1881,272,0.1446039340776183
23025985900,0,95910701.0,1816,18.934279293819362,1774,0.023127753303964757,6,18,3,6,0,9,1816,0,1816,18861000,700,26944.285714285714,302,1780,0.1696629213483146,22375000,536,41744.40298507463,1231,146,0.11860276198212835
23025986000,0,124718546.0,4214,33.78807831836013,4073,0.03345989558614143,19,9,17,0,23,66,4214,30,4214,54081000,1621,33362.739049969154,507,4018,0.12618218018914884,48865000,1194,40925.46063651591,2704,724,0.2677514792899408
23025986100,0,211226685.0,3225,15.267957265910791,3165,0.018604651162790697,9,6,2,0,2,27,3225,16,3225,39181400,1217,32195.06984387839,495,3195,0.15492957746478872,33462500,1054,31748.10246679317,2149,385,0.1791530944625407
23025986200,0,190332566.0,1929,10.134891997410469,1912,0.008812856402280975,5,0,0,0,3,6,1929,6,1929,19656100,818,24029.462102689486,354,1895,0.18680738786279683,22787500,634,35942.42902208202,1371,255,0.18599562363238512
23025986300,0,416433835.0,2002,4.807486404172706,1958,0.02197802197802198,2,17,5,0,0,12,2002,8,2002,21083200,845,24950.532544378697,272,1971,0.13800101471334347,32825000,766,42852.48041775457,1445,238,0.16470588235294117
23025986400,0,121670603.0,2583,21.229450140885717,2501,0.031746031746031744,0,12,0,23,0,37,2583,16,2583,25806800,1029,25079.49465500486,521,2574,0.2024087024087024,29132500,820,35527.439024390245,1738,210,0.12082853855005754
23025986500,0,134278119.0,4523,33.683820071980605,4482,0.009064780013265532,0,0,0,0,0,41,4523,0,4523,55130900,1893,29123.560486001057,607,4428,0.1370822041553749,64547500,1421,45423.99718508093,3274,534,0.16310323762981063
23025986600,0,57734666.0,4493,77.82152926978048,4386,0.02381482305809036,5,32,43,0,0,27,4493,0,4493,48408000,1922,25186.264308012487,678,4344,0.15607734806629833,58980000,1291,45685.5151045701,3120,690,0.22115384615384615
23025986700,0,95827458.0,4331,45.195814335386004,4198,0.03070884322327407,6,18,12,0,12,58,4331,27,4331,53112100,1803,29457.626178591236,718,4272,0.16807116104868913,55010000,1158,47504.31778929188,2910,555,0.19072164948453607
23025986800,0,139190626.0,6573,47.22300767581863,6476,0.014757340635934885,8,6,0,6,0,44,6573,33,6573,88507500,2593,34133.24334747397,669,6430,0.10404354587869362,96862500,1962,49369.266055045875,4335,815,0.18800461361014995
23025986900,0,129461185.0,3294,25.443919735479017,3270,0.007285974499089253,0,0,0,0,0,24,3294,0,3294,47043200,1295,36326.79536679537,535,3282,0.16301035953686777,44625000,1078,41396.103896103894,2221,432,0.1945069788383611
23025987000,0,202510866.0,2155,10.641404298769825,2109,0.02134570765661253,4,8,7,0,8,16,2155,8,2155,30894400,855,36133.801169590646,244,2131,0.11450023463162834,31317500,740,42320.94594594595,1485,330,0.2222222222222222
23027041000,0,91987617.0,3602,39.15744441993752,3552,0.0138811771238201,0,10,12,0,0,9,3602,19,3602,57244700,1378,41541.872278664734,470,3582,0.13121161362367392,68917500,1144,60242.56993006993,2409,856,0.35533416355334163
23027042000,0,235676257.0,5805,24.631246583316198,5631,0.029974160206718347,3,54,12,0,0,93,5805,12,5805,82195800,2420,33965.20661157025,739,5800,0.12741379310344828,103127500,1959,52642.930066360386,4001,983,0.2456885778555361
23027043000,0,88164651.0,6381,72.37594577445783,6180,0.03149976492712741,32,52,6,8,5,84,6381,19,6381,85553300,2767,30919.154318756777,816,6195,0.13171912832929783,148185000,1870,79243.31550802139,4553,1614,0.35449154403689875
23027044000,0,195306315.0,3976,20.357764673405466,3899,0.01936619718309859,7,6,12,0,10,19,3976,35,3976,65150100,1694,38459.32703659977,380,3959,0.09598383430159131,139105000,1417,98168.66619618914,2927,1092,0.37307823710283566
23027045000,0,428215019.0,5445,12.715574555781753,5321,0.022773186409550047,5,19,4,2,25,48,5445,36,5445,66936700,2151,31118.874941887494,683,5423,0.12594504886594135,78877500,1829,43126.02515035539,3662,907,0.2476788640087384
23027046000,0,519408520.0,6571,12.650928406026148,6349,0.033784812052959974,15,34,13,0,7,132,6571,31,6571,73719200,2543,28989.068029885962,1109,6273,0.17678941495297307,85605000,2041,41942.67515923567,4279,1028,0.2402430474409909
23027047000,0,331721325.0,4500,13.565603598140699,4356,0.032,4,19,7,0,6,85,4500,32,4500,53613600,1771,30273.06606437041,776,4472,0.1735241502683363,56610000,1496,37840.90909090909,2987,674,0.2256444593237362
23029955100,0,3524448481.0,2759,0.7828175145341272,2105,0.237042406669083,0,560,17,2,16,59,2759,30,2759,26792500,1144,23420.017482517484,577,2721,0.21205439176773244,37537500,903,41569.767441860466,1874,266,0.14194236926360726
23029955300,0,354055934.0,1646,4.648982948552982,1605,0.02490886998784933,2,22,2,0,2,13,1646,0,1646,19233400,661,29097.428139183055,319,1636,0.1949877750611247,24892500,568,43824.82394366197,1110,187,0.16846846846846847
23029955400,0,96226197.0,1686,17.52121618190938,1674,0.0071174377224199285,0,0,0,0,0,12,1686,0,1686,22732000,723,31441.21715076072,169,1673,0.10101613867304243,31115000,597,52118.92797319933,1186,218,0.18381112984822934
23029955500,0,88895298.0,3447,38.775954156765415,3248,0.057731360603423265,22,5,74,0,10,55,3447,43,3447,44605600,1490,29936.644295302012,559,3324,0.16817087845968712,53385000,939,56853.035143769965,2401,418,0.17409412744689712
23029955600,0,150289525.0,2012,13.387493240131008,1311,0.34840954274353875,8,621,4,2,2,60,2012,17,2012,20248800,763,26538.401048492793,448,1991,0.2250125565042692,24235000,638,37985.8934169279,1267,280,0.22099447513812154
23029955700,0,9449299.0,1640,173.55784804777582,1551,0.05426829268292683,7,43,0,0,9,26,1640,11,1640,15667400,754,20779.045092838198,279,1619,0.17232859789993824,27315000,522,52327.58620689655,1210,289,0.23884297520661157
23029955800,0,295226641.0,2778,9.40971990397032,2638,0.0503959683225342,24,16,9,0,2,55,2778,40,2778,25180400,1195,21071.464435146445,631,2697,0.2339636633296255,47815000,927,51580.36677454153,1953,423,0.21658986175115208
23029955900,0,926943137.0,2785,3.0044992932506065,2731,0.01938958707360862,0,27,0,0,2,25,2785,2,2785,28895600,1168,24739.383561643837,498,2766,0.18004338394793926,44042500,1014,43434.41814595661,1975,402,0.20354430379746835
23029956100,0,145580526.0,2458,16.884126383771964,2401,0.023189585028478437,0,24,4,0,0,21,2458,14,2458,25888600,950,27251.157894736843,349,2308,0.15121317157712305,41095000,756,54358.46560846561,1732,383,0.22113163972286373
23029956200,0,118542919.0,3109,26.22678795348375,3005,0.033451270504985524,18,33,23,0,3,17,3109,20,3109,30692900,1231,24933.306255077172,549,2768,0.19833815028901733,51470000,789,65234.47401774398,1941,549,0.2828438948995363
23029956300,0,316963290.0,2910,9.180873911297425,2850,0.020618556701030927,15,10,3,0,0,29,2910,15,2910,29617900,1230,24079.593495934958,544,2862,0.19007686932215234,69110000,1025,67424.39024390244,2070,420,0.2028985507246377
23029956400,0,322177776.0,3149,9.774106827281594,3071,0.024769768180374723,9,10,9,0,7,34,3149,18,3149,36109600,1298,27819.414483821263,626,3127,0.2001918771985929,48972500,1072,45683.30223880597,2201,385,0.17492049068605178
23029956500,0,287624395.0,3562,12.38420684031339,3402,0.044918585064570464,6,15,29,2,92,16,3562,92,3562,33351400,1512,22057.804232804232,724,3493,0.20727168622960207,55627500,1207,46087.4067937034,2568,518,0.20171339563862928
23031000000,0,707.0,0,0.0,0,,0,0,0,0,0,0,0,0,0,0,0,,0,0,,0,0,,0,0,
23031005100,0,65760915.0,4033,61.32822209058375,3961,0.017852715100421523,0,6,17,0,6,31,4033,25,4033,75074700,1410,53244.46808510638,130,4010,0.032418952618453865,140752500,1304,107939.03374233129,2617,862,0.3293847917462744
23031005200,0,18854428.0,4449,235.96579010511485,4328,0.027197122948977297,17,0,17,0,16,26,4449,55,4449,64070700,1810,35398.17679558011,410,4388,0.09343664539653601,80700000,1151,70112.94526498696,3005,859,0.2858569051580699
23031005300,0,5707633.0,6076,1064.5393633402848,5874,0.03324555628703094,19,0,43,0,0,140,6076,0,6076,90091100,2594,34730.57054741712,770,6000,0.12833333333333333,103882500,1225,84802.04081632652,4118,1070,0.259834871296746
23031005400,0,9297138.0,2264,243.51580023874013,2238,0.011484098939929329,10,7,0,0,0,0,2264,9,2264,47810600,959,49854.64025026069,62,2264,0.027385159010600707,136970000,820,167036.58536585365,1739,895,0.5146635997699828
23031006100,0,19254420.0,8856,459.9463395937141,8587,0.030374887082204156,58,68,0,0,4,117,8856,26,8856,153398700,4289,35765.60969923059,975,8825,0.11048158640226628,158145000,2393,66086.50229837025,6616,2101,0.31756348246674726
23031020000,0,104955800.0,7452,71.00131674476303,7270,0.024422973698336018,28,11,45,37,0,35,7452,31,7452,133735900,2811,47575.91604411242,442,7415,0.059608900876601485,200102500,2379,84112.0218579235,5066,1339,0.26431109356494276
23031021000,0,82913900.0,4114,49.61773598877872,4096,0.004375303840544483,11,0,7,0,0,0,4114,0,4114,69357200,1506,46053.9176626826,272,4098,0.06637384089799903,94925000,1276,74392.63322884013,2673,756,0.2828282828282828
23031022000,0,108572218.0,3403,31.343193154624508,3337,0.01939465177784308,9,0,0,0,4,30,3403,27,3403,45985000,1137,40444.15127528584,419,3244,0.12916152897657213,71482500,975,73315.38461538461,2181,446,0.20449335167354424
23031022500,0,209953456.0,2853,13.588726065076061,2773,0.028040658955485454,13,14,3,0,1,19,2853,31,2853,36523400,1156,31594.63667820069,361,2810,0.1284697508896797,55377500,927,59738.403451995684,1976,466,0.23582995951417005
23031023000,0,70286511.0,2240,31.869557446093744,2173,0.029910714285714287,0,2,3,0,1,46,2240,17,2240,32693500,851,38417.74383078731,209,2205,0.09478458049886622,58380000,696,83879.31034482758,1484,420,0.2830188679245283
23031023500,0,281703843.0,5799,20.58544866922529,5664,0.023279875840662184,5,24,24,0,12,48,5799,31,5799,83342500,2267,36763.34362593736,463,5724,0.08088749126484976,183967500,1995,92214.28571428571,4023,1072,0.2664678100919712
23031024000,0,143286636.0,6214,43.36761734011259,6042,0.027679433537174124,12,63,0,0,30,45,6214,57,6214,92247900,2229,41385.329744279945,378,6151,0.06145342220777109,161245000,1912,84333.1589958159,3888,968,0.24897119341563786
23031024500,0,147198312.0,5600,38.043914525324176,5471,0.023035714285714284,2,4,80,0,2,24,5600,22,5600,99220200,2013,49289.716840536516,227,5579,0.04068829539343968,156842500,1799,87183.15730961645,3732,921,0.24678456591639872
23031025100,0,31115161.0,3577,114.96003507743379,3472,0.029354207436399216,48,12,19,0,0,21,3577,5,3577,59419000,1328,44743.22289156626,268,3573,0.07500699692135461,107735000,1039,103691.04908565928,2396,659,0.2750417362270451
23031025201,0,2173707.0,5930,2728.058565390828,5619,0.05244519392917369,57,28,90,0,24,44,5930,85,5930,73118500,2692,27161.404160475482,1009,5700,0.17701754385964913,46650000,656,71112.80487804877,3998,784,0.19609804902451225
23031025202,0,3141153.0,6835,2175.952588110162,6547,0.04213606437454279,50,30,35,0,65,50,6835,130,6835,84461900,2983,28314.415018437816,1177,6807,0.17291023945938006,81627500,1165,70066.52360515021,4462,864,0.19363514119229044
23031025300,0,32728562.0,2641,80.69404332521546,2589,0.01968951154865581,0,5,24,0,5,12,2641,23,2641,46725000,924,50568.181818181816,89,2493,0.03569995988768552,87920000,835,105293.41317365269,1948,497,0.2551334702258727
23031025400,0,8766306.0,1959,223.46926972432857,1911,0.02450229709035222,10,0,0,0,6,20,1959,18,1959,31530900,689,45763.280116110305,240,1541,0.15574302401038287,121495000,501,242504.99001996007,1142,577,0.5052539404553416
23031026000,0,61822121.0,3571,57.76249572543782,3494,0.02156258751050126,14,8,0,0,0,19,3571,44,3571,63297800,1357,46645.39425202653,190,3545,0.0535966149506347,112930000,1160,97353.44827586207,2427,686,0.2826534816646065
23031027000,0,53151817.0,3720,69.98820002710349,3669,0.013709677419354839,8,0,0,0,0,34,3720,14,3720,82085600,1620,50670.12345679013,164,3715,0.04414535666218035,369402500,1352,273226.70118343196,2810,1516,0.5395017793594306
23031028001,0,50657079.0,3035,59.91265307658185,2978,0.018780889621087316,0,0,0,0,0,17,3035,40,3035,47687700,999,47735.43543543544,82,3018,0.027170311464546057,107400000,920,116739.13043478261,1840,754,0.4097826086956522
23031028002,0,40124603.0,7441,185.44731769682556,7237,0.027415669936836445,6,27,101,0,0,38,7441,32,7441,157443400,3212,49017.24782067248,351,7317,0.04797047970479705,457710000,2443,187355.7101923864,5507,3030,0.5502088251316506
23031029000,0,70693013.0,2497,35.3217368171873,2470,0.010812975570684821,0,0,0,0,0,15,2497,12,2497,35550000,997,35656.970912738216,133,2398,0.05546288573811509,57260000,822,69659.36739659368,1800,495,0.275
23031030100,0,28070748.0,4444,158.3142707846617,4254,0.04275427542754275,12,0,61,0,0,37,4444,80,4444,64625900,1757,36781.957882754694,413,4420,0.09343891402714932,84915000,1118,75952.5939177102,2893,623,0.2153473902523332
23031030201,0,16120127.0,3180,197.2689172982322,3047,0.04182389937106918,7,0,110,0,0,16,3180,0,3180,39948100,1382,28906.005788712013,391,3115,0.12552166934189407,62295000,786,79255.7251908397,2267,429,0.18923687692986327
23031030202,0,12553516.0,5779,460.34911653436376,5515,0.045682644056065064,7,44,39,0,7,132,5779,49,5779,67354600,2232,30176.79211469534,1201,5634,0.2131700390486333,83160000,1184,70236.48648648648,3534,465,0.13157894736842105
23031030203,0,15209166.0,4056,266.6812894277043,3916,0.03451676528599606,0,0,34,0,25,5,4056,101,4056,54314800,1594,34074.52948557089,334,3975,0.0840251572327044,100097500,1056,94789.29924242424,2566,462,0.18004676539360873
23031030300,0,51802406.0,3347,64.61089857486543,3209,0.041230953092321485,0,20,4,0,0,49,3347,65,3347,45277800,1297,34909.63762528913,289,3336,0.08663069544364509,73767500,1110,66457.2072072072,2291,427,0.18638149279790484
23031031000,0,142418908.0,5083,35.69048570432797,4977,0.020853826480424945,0,12,31,0,7,23,5083,33,5083,66930300,1834,36494.165757906216,521,5000,0.1042,87710000,1604,54682.04488778055,3272,546,0.16687041564792177
23031032000,0,96494704.0,6353,65.83781012479193,6136,0.03415709113804502,33,23,37,0,0,84,6353,40,6353,102269600,2317,44138.80017263703,522,6311,0.08271272381556014,148970000,1767,84306.73457838144,4009,900,0.22449488650536292
23031033000,0,99160838.0,4293,43.29330092994979,4155,0.03214535290006988,14,11,30,0,0,72,4293,35,4293,68859700,1587,43389.85507246377,226,4218,0.05357989568515884,113697500,1301,87392.3904688701,2876,837,0.29102920723226705
23031034001,0,51418277.0,5690,110.66103984775685,5581,0.01915641476274165,67,17,0,0,3,20,5690,3,5690,107984100,2818,38319.4109297374,248,5690,0.04358523725834798,355655000,2166,164198.98430286243,4622,1932,0.4180008654262224
23031034002,0,108479583.0,4936,45.50164983580366,4796,0.028363047001620744,17,0,0,0,24,99,4936,61,4936,86502300,1845,46884.71544715447,309,4936,0.06260129659643436,166132500,1635,101610.09174311926,3365,1092,0.324517087667162
23031035000,0,83227127.0,6671,80.15415454626951,6493,0.026682656273422277,20,8,12,0,0,70,6671,68,6671,118763400,2410,49279.41908713693,194,6639,0.029221268263292664,222645000,1883,118239.51141795008,4297,1529,0.35582964859204097
23031036001,0,30160425.0,7699,255.26828617302309,7540,0.020652032731523575,0,33,0,0,24,73,7699,40,7699,184582300,3200,57681.96875,355,7584,0.0468090717299578,577920000,2525,228879.20792079208,5675,2673,0.47101321585903083
23031036002,0,111406953.0,5155,46.27179777549432,5014,0.027352085354025217,0,0,14,27,7,9,5155,91,5155,125738000,2033,61848.499754058044,125,5140,0.024319066147859923,342932500,1784,192226.73766816143,3645,1738,0.47681755829903977
23031037000,0,51236457.0,5954,116.20631770069502,5848,0.017803157541148806,28,10,31,0,7,10,5954,27,5954,115147800,2314,49761.365600691446,344,5930,0.05801011804384486,270580000,1891,143088.31306187203,4071,1618,0.39744534512404817
23031038001,0,25780986.0,6336,245.76251660817007,5968,0.05808080808080808,134,0,35,0,45,89,6336,137,6336,116649200,2710,43043.9852398524,423,6175,0.06850202429149797,292240000,1661,175942.20349187238,4573,1711,0.37415263503170787
23031038002,0,20275417.0,3207,158.17183932641188,3080,0.039600873090115375,36,8,0,8,11,37,3207,27,3207,61596500,1364,45158.724340175955,287,3146,0.0912269548633185,109720000,954,115010.4821802935,2187,678,0.3100137174211248
